﻿participant,session,date,expName,psychopyVersion,OS,frameRate,key_resp.keys,key_resp.rt,key_resp_4.keys,key_resp_4.rt,key_resp_5.keys,key_resp_5.rt,key_resp_2.keys,key_resp_2.rt,typedWord,trials_2.thisRepN,trials_2.thisTrialN,trials_2.thisN,trials_2.thisIndex,trials_2.ran,soundEstimulus,key_resp_3.keys,key_resp_3.rt,trials.thisRepN,trials.thisTrialN,trials.thisN,trials.thisIndex,trials.ran
Calabrese,001,2022-11-10_19h34.06.691,audio-text-input,2022.2.2,Win32,59.75500448,,,,,,,,,,,,,,,,,,,,,,
Calabrese,001,2022-11-10_19h34.06.691,audio-text-input,2022.2.2,Win32,59.75500448,return,41.7936,,,,,,,,,,,,,,,,,,,,
Calabrese,001,2022-11-10_19h34.06.691,audio-text-input,2022.2.2,Win32,59.75500448,,,return,17.8882,,,,,,,,,,,,,,,,,,
Calabrese,001,2022-11-10_19h34.06.691,audio-text-input,2022.2.2,Win32,59.75500448,,,,,return,25.5067,,,,,,,,,,,,,,,,
Calabrese,001,2022-11-10_19h34.06.691,audio-text-input,2022.2.2,Win32,59.75500448,,,,,,,return,15.6019,,,,,,,,,,,,,,
Calabrese,001,2022-11-10_19h34.06.691,audio-text-input,2022.2.2,Win32,59.75500448,,,,,,,,,1,0,0,0,1,1,estimulos/2.wav,,,,,,,
Calabrese,001,2022-11-10_19h34.06.691,audio-text-input,2022.2.2,Win32,59.75500448,,,,,,,,,1,0,1,1,0,1,estimulos/1.wav,,,,,,,
Calabrese,001,2022-11-10_19h34.06.691,audio-text-input,2022.2.2,Win32,59.75500448,,,,,,,,,4,0,2,2,3,1,estimulos/4.wav,,,,,,,
Calabrese,001,2022-11-10_19h34.06.691,audio-text-input,2022.2.2,Win32,59.75500448,,,,,,,,,3,0,3,3,2,1,estimulos/3.wav,,,,,,,
Calabrese,001,2022-11-10_19h34.06.691,audio-text-input,2022.2.2,Win32,59.75500448,,,,,,,,,2,0,4,4,4,1,estimulos/5.wav,,,,,,,
Calabrese,001,2022-11-10_19h34.06.691,audio-text-input,2022.2.2,Win32,59.75500448,,,,,,,,,3,0,5,5,5,1,estimulos/6.wav,,,,,,,
Calabrese,001,2022-11-10_19h34.06.691,audio-text-input,2022.2.2,Win32,59.75500448,,,,,,,,,,,,,,,,return,4.171,,,,,
Calabrese,001,2022-11-10_19h34.06.691,audio-text-input,2022.2.2,Win32,59.75500448,,,,,,,,,2,,,,,,estimulos/4.wav,,,0,0,0,3,1
Calabrese,001,2022-11-10_19h34.06.691,audio-text-input,2022.2.2,Win32,59.75500448,,,,,,,,,2,,,,,,estimulos/2.wav,,,0,1,1,1,1
Calabrese,001,2022-11-10_19h34.06.691,audio-text-input,2022.2.2,Win32,59.75500448,,,,,,,,,1,,,,,,estimulos/1.wav,,,0,2,2,0,1
Calabrese,001,2022-11-10_19h34.06.691,audio-text-input,2022.2.2,Win32,59.75500448,,,,,,,,,4,,,,,,estimulos/6.wav,,,0,3,3,5,1
Calabrese,001,2022-11-10_19h34.06.691,audio-text-input,2022.2.2,Win32,59.75500448,,,,,,,,,5,,,,,,estimulos/3.wav,,,0,4,4,2,1
Calabrese,001,2022-11-10_19h34.06.691,audio-text-input,2022.2.2,Win32,59.75500448,,,,,,,,,4,,,,,,estimulos/5.wav,,,0,5,5,4,1
Calabrese,001,2022-11-10_19h34.06.691,audio-text-input,2022.2.2,Win32,59.75500448,,,,,,,,,5,,,,,,estimulos/5.wav,,,1,0,6,4,1
Calabrese,001,2022-11-10_19h34.06.691,audio-text-input,2022.2.2,Win32,59.75500448,,,,,,,,,5,,,,,,estimulos/6.wav,,,1,1,7,5,1
Calabrese,001,2022-11-10_19h34.06.691,audio-text-input,2022.2.2,Win32,59.75500448,,,,,,,,,4,,,,,,estimulos/4.wav,,,1,2,8,3,1
Calabrese,001,2022-11-10_19h34.06.691,audio-text-input,2022.2.2,Win32,59.75500448,,,,,,,,,3,,,,,,estimulos/3.wav,,,1,3,9,2,1
Calabrese,001,2022-11-10_19h34.06.691,audio-text-input,2022.2.2,Win32,59.75500448,,,,,,,,,2,,,,,,estimulos/2.wav,,,1,4,10,1,1
Calabrese,001,2022-11-10_19h34.06.691,audio-text-input,2022.2.2,Win32,59.75500448,,,,,,,,,1,,,,,,estimulos/1.wav,,,1,5,11,0,1
Calabrese,001,2022-11-10_19h34.06.691,audio-text-input,2022.2.2,Win32,59.75500448,,,,,,,,,1,,,,,,estimulos/2.wav,,,2,0,12,1,1
Calabrese,001,2022-11-10_19h34.06.691,audio-text-input,2022.2.2,Win32,59.75500448,,,,,,,,,3,,,,,,estimulos/5.wav,,,2,1,13,4,1
Calabrese,001,2022-11-10_19h34.06.691,audio-text-input,2022.2.2,Win32,59.75500448,,,,,,,,,3,,,,,,estimulos/3.wav,,,2,2,14,2,1
Calabrese,001,2022-11-10_19h34.06.691,audio-text-input,2022.2.2,Win32,59.75500448,,,,,,,,,3,,,,,,estimulos/6.wav,,,2,3,15,5,1
Calabrese,001,2022-11-10_19h34.06.691,audio-text-input,2022.2.2,Win32,59.75500448,,,,,,,,,3,,,,,,estimulos/4.wav,,,2,4,16,3,1
Calabrese,001,2022-11-10_19h34.06.691,audio-text-input,2022.2.2,Win32,59.75500448,,,,,,,,,2,,,,,,estimulos/1.wav,,,2,5,17,0,1
Calabrese,001,2022-11-10_19h34.06.691,audio-text-input,2022.2.2,Win32,59.75500448,,,,,,,,,3,,,,,,estimulos/5.wav,,,3,0,18,4,1
Calabrese,001,2022-11-10_19h34.06.691,audio-text-input,2022.2.2,Win32,59.75500448,,,,,,,,,5,,,,,,estimulos/6.wav,,,3,1,19,5,1
Calabrese,001,2022-11-10_19h34.06.691,audio-text-input,2022.2.2,Win32,59.75500448,,,,,,,,,1,,,,,,estimulos/1.wav,,,3,2,20,0,1
Calabrese,001,2022-11-10_19h34.06.691,audio-text-input,2022.2.2,Win32,59.75500448,,,,,,,,,2,,,,,,estimulos/3.wav,,,3,3,21,2,1
Calabrese,001,2022-11-10_19h34.06.691,audio-text-input,2022.2.2,Win32,59.75500448,,,,,,,,,2,,,,,,estimulos/2.wav,,,3,4,22,1,1
Calabrese,001,2022-11-10_19h34.06.691,audio-text-input,2022.2.2,Win32,59.75500448,,,,,,,,,3,,,,,,estimulos/4.wav,,,3,5,23,3,1
Calabrese,001,2022-11-10_19h34.06.691,audio-text-input,2022.2.2,Win32,59.75500448,,,,,,,,,1,,,,,,estimulos/2.wav,,,4,0,24,1,1
Calabrese,001,2022-11-10_19h34.06.691,audio-text-input,2022.2.2,Win32,59.75500448,,,,,,,,,2,,,,,,estimulos/4.wav,,,4,1,25,3,1
Calabrese,001,2022-11-10_19h34.06.691,audio-text-input,2022.2.2,Win32,59.75500448,,,,,,,,,2,,,,,,estimulos/6.wav,,,4,2,26,5,1
Calabrese,001,2022-11-10_19h34.06.691,audio-text-input,2022.2.2,Win32,59.75500448,,,,,,,,,2,,,,,,estimulos/5.wav,,,4,3,27,4,1
Calabrese,001,2022-11-10_19h34.06.691,audio-text-input,2022.2.2,Win32,59.75500448,,,,,,,,,3,,,,,,estimulos/3.wav,,,4,4,28,2,1
Calabrese,001,2022-11-10_19h34.06.691,audio-text-input,2022.2.2,Win32,59.75500448,,,,,,,,,1,,,,,,estimulos/1.wav,,,4,5,29,0,1
Calabrese,001,2022-11-10_19h34.06.691,audio-text-input,2022.2.2,Win32,59.75500448,,,,,,,,,,,,,,,,,,,,,,
