﻿participant,session,date,expName,psychopyVersion,OS,frameRate,key_resp.keys,key_resp.rt,key_resp_4.keys,key_resp_4.rt,key_resp_5.keys,key_resp_5.rt,key_resp_2.keys,key_resp_2.rt,typedWord,trials_2.thisRepN,trials_2.thisTrialN,trials_2.thisN,trials_2.thisIndex,trials_2.ran,soundEstimulus,key_resp_3.keys,key_resp_3.rt,trials.thisRepN,trials.thisTrialN,trials.thisN,trials.thisIndex,trials.ran
Davenport,001,2022-11-01_18h18.46.839,audio-text-input,2022.2.2,Win32,59.84082341,,,,,,,,,,,,,,,,,,,,,,
Davenport,001,2022-11-01_18h18.46.839,audio-text-input,2022.2.2,Win32,59.84082341,return,34.6662,,,,,,,,,,,,,,,,,,,,
Davenport,001,2022-11-01_18h18.46.839,audio-text-input,2022.2.2,Win32,59.84082341,,,return,19.9906,,,,,,,,,,,,,,,,,,
Davenport,001,2022-11-01_18h18.46.839,audio-text-input,2022.2.2,Win32,59.84082341,,,,,return,3.1129,,,,,,,,,,,,,,,,
Davenport,001,2022-11-01_18h18.46.839,audio-text-input,2022.2.2,Win32,59.84082341,,,,,,,return,8.797,,,,,,,,,,,,,,
Davenport,001,2022-11-01_18h18.46.839,audio-text-input,2022.2.2,Win32,59.84082341,,,,,,,,,5,0,0,0,3,1,estimulos/4.wav,,,,,,,
Davenport,001,2022-11-01_18h18.46.839,audio-text-input,2022.2.2,Win32,59.84082341,,,,,,,,,3,0,1,1,0,1,estimulos/1.wav,,,,,,,
Davenport,001,2022-11-01_18h18.46.839,audio-text-input,2022.2.2,Win32,59.84082341,,,,,,,,,3,0,2,2,1,1,estimulos/2.wav,,,,,,,
Davenport,001,2022-11-01_18h18.46.839,audio-text-input,2022.2.2,Win32,59.84082341,,,,,,,,,4,0,3,3,4,1,estimulos/5.wav,,,,,,,
Davenport,001,2022-11-01_18h18.46.839,audio-text-input,2022.2.2,Win32,59.84082341,,,,,,,,,4,0,4,4,2,1,estimulos/3.wav,,,,,,,
Davenport,001,2022-11-01_18h18.46.839,audio-text-input,2022.2.2,Win32,59.84082341,,,,,,,,,5,0,5,5,5,1,estimulos/6.wav,,,,,,,
Davenport,001,2022-11-01_18h18.46.839,audio-text-input,2022.2.2,Win32,59.84082341,,,,,,,,,,,,,,,,return,4.0094,,,,,
Davenport,001,2022-11-01_18h18.46.839,audio-text-input,2022.2.2,Win32,59.84082341,,,,,,,,,4,,,,,,estimulos/4.wav,,,0,0,0,3,1
Davenport,001,2022-11-01_18h18.46.839,audio-text-input,2022.2.2,Win32,59.84082341,,,,,,,,,3,,,,,,estimulos/2.wav,,,0,1,1,1,1
Davenport,001,2022-11-01_18h18.46.839,audio-text-input,2022.2.2,Win32,59.84082341,,,,,,,,,3,,,,,,estimulos/3.wav,,,0,2,2,2,1
Davenport,001,2022-11-01_18h18.46.839,audio-text-input,2022.2.2,Win32,59.84082341,,,,,,,,,4,,,,,,estimulos/5.wav,,,0,3,3,4,1
Davenport,001,2022-11-01_18h18.46.839,audio-text-input,2022.2.2,Win32,59.84082341,,,,,,,,,2,,,,,,estimulos/1.wav,,,0,4,4,0,1
Davenport,001,2022-11-01_18h18.46.839,audio-text-input,2022.2.2,Win32,59.84082341,,,,,,,,,5,,,,,,estimulos/6.wav,,,0,5,5,5,1
Davenport,001,2022-11-01_18h18.46.839,audio-text-input,2022.2.2,Win32,59.84082341,,,,,,,,,4,,,,,,estimulos/3.wav,,,1,0,6,2,1
Davenport,001,2022-11-01_18h18.46.839,audio-text-input,2022.2.2,Win32,59.84082341,,,,,,,,,5,,,,,,estimulos/5.wav,,,1,1,7,4,1
Davenport,001,2022-11-01_18h18.46.839,audio-text-input,2022.2.2,Win32,59.84082341,,,,,,,,,6,,,,,,estimulos/6.wav,,,1,2,8,5,1
Davenport,001,2022-11-01_18h18.46.839,audio-text-input,2022.2.2,Win32,59.84082341,,,,,,,,,1,,,,,,estimulos/1.wav,,,1,3,9,0,1
Davenport,001,2022-11-01_18h18.46.839,audio-text-input,2022.2.2,Win32,59.84082341,,,,,,,,,3,,,,,,estimulos/2.wav,,,1,4,10,1,1
Davenport,001,2022-11-01_18h18.46.839,audio-text-input,2022.2.2,Win32,59.84082341,,,,,,,,,4,,,,,,estimulos/4.wav,,,1,5,11,3,1
Davenport,001,2022-11-01_18h18.46.839,audio-text-input,2022.2.2,Win32,59.84082341,,,,,,,,,3,,,,,,estimulos/2.wav,,,2,0,12,1,1
Davenport,001,2022-11-01_18h18.46.839,audio-text-input,2022.2.2,Win32,59.84082341,,,,,,,,,4,,,,,,estimulos/5.wav,,,2,1,13,4,1
Davenport,001,2022-11-01_18h18.46.839,audio-text-input,2022.2.2,Win32,59.84082341,,,,,,,,,1,,,,,,estimulos/1.wav,,,2,2,14,0,1
Davenport,001,2022-11-01_18h18.46.839,audio-text-input,2022.2.2,Win32,59.84082341,,,,,,,,,4,,,,,,estimulos/3.wav,,,2,3,15,2,1
Davenport,001,2022-11-01_18h18.46.839,audio-text-input,2022.2.2,Win32,59.84082341,,,,,,,,,5,,,,,,estimulos/4.wav,,,2,4,16,3,1
Davenport,001,2022-11-01_18h18.46.839,audio-text-input,2022.2.2,Win32,59.84082341,,,,,,,,,6,,,,,,estimulos/6.wav,,,2,5,17,5,1
Davenport,001,2022-11-01_18h18.46.839,audio-text-input,2022.2.2,Win32,59.84082341,,,,,,,,,3,,,,,,estimulos/1.wav,,,3,0,18,0,1
Davenport,001,2022-11-01_18h18.46.839,audio-text-input,2022.2.2,Win32,59.84082341,,,,,,,,,5,,,,,,estimulos/3.wav,,,3,1,19,2,1
Davenport,001,2022-11-01_18h18.46.839,audio-text-input,2022.2.2,Win32,59.84082341,,,,,,,,,6,,,,,,estimulos/5.wav,,,3,2,20,4,1
Davenport,001,2022-11-01_18h18.46.839,audio-text-input,2022.2.2,Win32,59.84082341,,,,,,,,,3,,,,,,estimulos/2.wav,,,3,3,21,1,1
Davenport,001,2022-11-01_18h18.46.839,audio-text-input,2022.2.2,Win32,59.84082341,,,,,,,,,5,,,,,,estimulos/4.wav,,,3,4,22,3,1
Davenport,001,2022-11-01_18h18.46.839,audio-text-input,2022.2.2,Win32,59.84082341,,,,,,,,,6,,,,,,estimulos/6.wav,,,3,5,23,5,1
Davenport,001,2022-11-01_18h18.46.839,audio-text-input,2022.2.2,Win32,59.84082341,,,,,,,,,4,,,,,,estimulos/2.wav,,,4,0,24,1,1
Davenport,001,2022-11-01_18h18.46.839,audio-text-input,2022.2.2,Win32,59.84082341,,,,,,,,,5,,,,,,estimulos/6.wav,,,4,1,25,5,1
Davenport,001,2022-11-01_18h18.46.839,audio-text-input,2022.2.2,Win32,59.84082341,,,,,,,,,5,,,,,,estimulos/5.wav,,,4,2,26,4,1
Davenport,001,2022-11-01_18h18.46.839,audio-text-input,2022.2.2,Win32,59.84082341,,,,,,,,,4,,,,,,estimulos/3.wav,,,4,3,27,2,1
Davenport,001,2022-11-01_18h18.46.839,audio-text-input,2022.2.2,Win32,59.84082341,,,,,,,,,2,,,,,,estimulos/1.wav,,,4,4,28,0,1
Davenport,001,2022-11-01_18h18.46.839,audio-text-input,2022.2.2,Win32,59.84082341,,,,,,,,,4,,,,,,estimulos/4.wav,,,4,5,29,3,1
Davenport,001,2022-11-01_18h18.46.839,audio-text-input,2022.2.2,Win32,59.84082341,,,,,,,,,,,,,,,,,,,,,,
