﻿participant,session,date,expName,psychopyVersion,OS,frameRate,key_resp.keys,key_resp.rt,key_resp_4.keys,key_resp_4.rt,key_resp_5.keys,key_resp_5.rt,key_resp_2.keys,key_resp_2.rt,typedWord,trials_2.thisRepN,trials_2.thisTrialN,trials_2.thisN,trials_2.thisIndex,trials_2.ran,soundEstimulus,key_resp_3.keys,key_resp_3.rt,trials.thisRepN,trials.thisTrialN,trials.thisN,trials.thisIndex,trials.ran
Dubini,001,2022-11-14_11h12.29.651,audio-text-input,2022.2.2,Win32,59.89099838,,,,,,,,,,,,,,,,,,,,,,
Dubini,001,2022-11-14_11h12.29.651,audio-text-input,2022.2.2,Win32,59.89099838,return,0.4832,,,,,,,,,,,,,,,,,,,,
Dubini,001,2022-11-14_11h12.29.651,audio-text-input,2022.2.2,Win32,59.89099838,,,return,1.2015,,,,,,,,,,,,,,,,,,
Dubini,001,2022-11-14_11h12.29.651,audio-text-input,2022.2.2,Win32,59.89099838,,,,,return,1.1024,,,,,,,,,,,,,,,,
Dubini,001,2022-11-14_11h12.29.651,audio-text-input,2022.2.2,Win32,59.89099838,,,,,,,return,6.5358,,,,,,,,,,,,,,
Dubini,001,2022-11-14_11h12.29.651,audio-text-input,2022.2.2,Win32,59.89099838,,,,,,,,,2,0,0,0,5,1,estimulos/6.wav,,,,,,,
Dubini,001,2022-11-14_11h12.29.651,audio-text-input,2022.2.2,Win32,59.89099838,,,,,,,,,1.5,0,1,1,4,1,estimulos/5.wav,,,,,,,
Dubini,001,2022-11-14_11h12.29.651,audio-text-input,2022.2.2,Win32,59.89099838,,,,,,,,,1.5,0,2,2,3,1,estimulos/4.wav,,,,,,,
Dubini,001,2022-11-14_11h12.29.651,audio-text-input,2022.2.2,Win32,59.89099838,,,,,,,,,1,0,3,3,1,1,estimulos/2.wav,,,,,,,
Dubini,001,2022-11-14_11h12.29.651,audio-text-input,2022.2.2,Win32,59.89099838,,,,,,,,,1.5,0,4,4,2,1,estimulos/3.wav,,,,,,,
Dubini,001,2022-11-14_11h12.29.651,audio-text-input,2022.2.2,Win32,59.89099838,,,,,,,,,0.5,0,5,5,0,1,estimulos/1.wav,,,,,,,
Dubini,001,2022-11-14_11h12.29.651,audio-text-input,2022.2.2,Win32,59.89099838,,,,,,,,,,,,,,,,return,1.6584,,,,,
Dubini,001,2022-11-14_11h12.29.651,audio-text-input,2022.2.2,Win32,59.89099838,,,,,,,,,0.5,,,,,,estimulos/1.wav,,,0,0,0,0,1
Dubini,001,2022-11-14_11h12.29.651,audio-text-input,2022.2.2,Win32,59.89099838,,,,,,,,,1,,,,,,estimulos/2.wav,,,0,1,1,1,1
Dubini,001,2022-11-14_11h12.29.651,audio-text-input,2022.2.2,Win32,59.89099838,,,,,,,,,2,,,,,,estimulos/6.wav,,,0,2,2,5,1
Dubini,001,2022-11-14_11h12.29.651,audio-text-input,2022.2.2,Win32,59.89099838,,,,,,,,,1.5,,,,,,estimulos/3.wav,,,0,3,3,2,1
Dubini,001,2022-11-14_11h12.29.651,audio-text-input,2022.2.2,Win32,59.89099838,,,,,,,,,2,,,,,,estimulos/5.wav,,,0,4,4,4,1
Dubini,001,2022-11-14_11h12.29.651,audio-text-input,2022.2.2,Win32,59.89099838,,,,,,,,,2,,,,,,estimulos/4.wav,,,0,5,5,3,1
Dubini,001,2022-11-14_11h12.29.651,audio-text-input,2022.2.2,Win32,59.89099838,,,,,,,,,2,,,,,,estimulos/5.wav,,,1,0,6,4,1
Dubini,001,2022-11-14_11h12.29.651,audio-text-input,2022.2.2,Win32,59.89099838,,,,,,,,,2.5,,,,,,estimulos/6.wav,,,1,1,7,5,1
Dubini,001,2022-11-14_11h12.29.651,audio-text-input,2022.2.2,Win32,59.89099838,,,,,,,,,1.5,,,,,,estimulos/3.wav,,,1,2,8,2,1
Dubini,001,2022-11-14_11h12.29.651,audio-text-input,2022.2.2,Win32,59.89099838,,,,,,,,,1,,,,,,estimulos/2.wav,,,1,3,9,1,1
Dubini,001,2022-11-14_11h12.29.651,audio-text-input,2022.2.2,Win32,59.89099838,,,,,,,,,1,,,,,,estimulos/1.wav,,,1,4,10,0,1
Dubini,001,2022-11-14_11h12.29.651,audio-text-input,2022.2.2,Win32,59.89099838,,,,,,,,,1.5,,,,,,estimulos/4.wav,,,1,5,11,3,1
Dubini,001,2022-11-14_11h12.29.651,audio-text-input,2022.2.2,Win32,59.89099838,,,,,,,,,0.5,,,,,,estimulos/1.wav,,,2,0,12,0,1
Dubini,001,2022-11-14_11h12.29.651,audio-text-input,2022.2.2,Win32,59.89099838,,,,,,,,,2,,,,,,estimulos/6.wav,,,2,1,13,5,1
Dubini,001,2022-11-14_11h12.29.651,audio-text-input,2022.2.2,Win32,59.89099838,,,,,,,,,2,,,,,,estimulos/4.wav,,,2,2,14,3,1
Dubini,001,2022-11-14_11h12.29.651,audio-text-input,2022.2.2,Win32,59.89099838,,,,,,,,,2,,,,,,estimulos/2.wav,,,2,3,15,1,1
Dubini,001,2022-11-14_11h12.29.651,audio-text-input,2022.2.2,Win32,59.89099838,,,,,,,,,1.5,,,,,,estimulos/3.wav,,,2,4,16,2,1
Dubini,001,2022-11-14_11h12.29.651,audio-text-input,2022.2.2,Win32,59.89099838,,,,,,,,,2,,,,,,estimulos/5.wav,,,2,5,17,4,1
Dubini,001,2022-11-14_11h12.29.651,audio-text-input,2022.2.2,Win32,59.89099838,,,,,,,,,2,,,,,,estimulos/5.wav,,,3,0,18,4,1
Dubini,001,2022-11-14_11h12.29.651,audio-text-input,2022.2.2,Win32,59.89099838,,,,,,,,,0.5,,,,,,estimulos/1.wav,,,3,1,19,0,1
Dubini,001,2022-11-14_11h12.29.651,audio-text-input,2022.2.2,Win32,59.89099838,,,,,,,,,2,,,,,,estimulos/4.wav,,,3,2,20,3,1
Dubini,001,2022-11-14_11h12.29.651,audio-text-input,2022.2.2,Win32,59.89099838,,,,,,,,,2.5,,,,,,estimulos/6.wav,,,3,3,21,5,1
Dubini,001,2022-11-14_11h12.29.651,audio-text-input,2022.2.2,Win32,59.89099838,,,,,,,,,2,,,,,,estimulos/3.wav,,,3,4,22,2,1
Dubini,001,2022-11-14_11h12.29.651,audio-text-input,2022.2.2,Win32,59.89099838,,,,,,,,,1,,,,,,estimulos/2.wav,,,3,5,23,1,1
Dubini,001,2022-11-14_11h12.29.651,audio-text-input,2022.2.2,Win32,59.89099838,,,,,,,,,2,,,,,,estimulos/6.wav,,,4,0,24,5,1
Dubini,001,2022-11-14_11h12.29.651,audio-text-input,2022.2.2,Win32,59.89099838,,,,,,,,,0.5,,,,,,estimulos/1.wav,,,4,1,25,0,1
Dubini,001,2022-11-14_11h12.29.651,audio-text-input,2022.2.2,Win32,59.89099838,,,,,,,,,1.5,,,,,,estimulos/5.wav,,,4,2,26,4,1
Dubini,001,2022-11-14_11h12.29.651,audio-text-input,2022.2.2,Win32,59.89099838,,,,,,,,,1.5,,,,,,estimulos/4.wav,,,4,3,27,3,1
Dubini,001,2022-11-14_11h12.29.651,audio-text-input,2022.2.2,Win32,59.89099838,,,,,,,,,2,,,,,,estimulos/3.wav,,,4,4,28,2,1
Dubini,001,2022-11-14_11h12.29.651,audio-text-input,2022.2.2,Win32,59.89099838,,,,,,,,,1.5,,,,,,estimulos/2.wav,,,4,5,29,1,1
Dubini,001,2022-11-14_11h12.29.651,audio-text-input,2022.2.2,Win32,59.89099838,,,,,,,,,,,,,,,,,,,,,,
