﻿participant,session,date,expName,psychopyVersion,OS,frameRate,key_resp.keys,key_resp.rt,key_resp_4.keys,key_resp_4.rt,key_resp_5.keys,key_resp_5.rt,key_resp_2.keys,key_resp_2.rt,typedWord,trials_2.thisRepN,trials_2.thisTrialN,trials_2.thisN,trials_2.thisIndex,trials_2.ran,soundEstimulus,key_resp_3.keys,key_resp_3.rt,trials.thisRepN,trials.thisTrialN,trials.thisN,trials.thisIndex,trials.ran
Salmun,001,2022-11-07_16h37.30.647,audio-text-input,2022.2.2,Win32,59.78715772,,,,,,,,,,,,,,,,,,,,,,
Salmun,001,2022-11-07_16h37.30.647,audio-text-input,2022.2.2,Win32,59.78715772,return,18.9783,,,,,,,,,,,,,,,,,,,,
Salmun,001,2022-11-07_16h37.30.647,audio-text-input,2022.2.2,Win32,59.78715772,,,return,10.0084,,,,,,,,,,,,,,,,,,
Salmun,001,2022-11-07_16h37.30.647,audio-text-input,2022.2.2,Win32,59.78715772,,,,,return,1.7087,,,,,,,,,,,,,,,,
Salmun,001,2022-11-07_16h37.30.647,audio-text-input,2022.2.2,Win32,59.78715772,,,,,,,return,21.117,,,,,,,,,,,,,,
Salmun,001,2022-11-07_16h37.30.647,audio-text-input,2022.2.2,Win32,59.78715772,,,,,,,,,",150",0,0,0,4,1,estimulos/5.wav,,,,,,,
Salmun,001,2022-11-07_16h37.30.647,audio-text-input,2022.2.2,Win32,59.78715772,,,,,,,,,1,0,1,1,5,1,estimulos/6.wav,,,,,,,
Salmun,001,2022-11-07_16h37.30.647,audio-text-input,2022.2.2,Win32,59.78715772,,,,,,,,,"0,50",0,2,2,3,1,estimulos/4.wav,,,,,,,
Salmun,001,2022-11-07_16h37.30.647,audio-text-input,2022.2.2,Win32,59.78715772,,,,,,,,,"0,30",0,3,3,0,1,estimulos/1.wav,,,,,,,
Salmun,001,2022-11-07_16h37.30.647,audio-text-input,2022.2.2,Win32,59.78715772,,,,,,,,,"0,30",0,4,4,1,1,estimulos/2.wav,,,,,,,
Salmun,001,2022-11-07_16h37.30.647,audio-text-input,2022.2.2,Win32,59.78715772,,,,,,,,,"0,30",0,5,5,2,1,estimulos/3.wav,,,,,,,
Salmun,001,2022-11-07_16h37.30.647,audio-text-input,2022.2.2,Win32,59.78715772,,,,,,,,,,,,,,,,return,3.4471,,,,,
Salmun,001,2022-11-07_16h37.30.647,audio-text-input,2022.2.2,Win32,59.78715772,,,,,,,,,2,,,,,,estimulos/5.wav,,,0,0,0,4,1
Salmun,001,2022-11-07_16h37.30.647,audio-text-input,2022.2.2,Win32,59.78715772,,,,,,,,,2,,,,,,estimulos/3.wav,,,0,1,1,2,1
Salmun,001,2022-11-07_16h37.30.647,audio-text-input,2022.2.2,Win32,59.78715772,,,,,,,,,2,,,,,,estimulos/2.wav,,,0,2,2,1,1
Salmun,001,2022-11-07_16h37.30.647,audio-text-input,2022.2.2,Win32,59.78715772,,,,,,,,,2,,,,,,estimulos/6.wav,,,0,3,3,5,1
Salmun,001,2022-11-07_16h37.30.647,audio-text-input,2022.2.2,Win32,59.78715772,,,,,,,,,2,,,,,,estimulos/4.wav,,,0,4,4,3,1
Salmun,001,2022-11-07_16h37.30.647,audio-text-input,2022.2.2,Win32,59.78715772,,,,,,,,,2,,,,,,estimulos/1.wav,,,0,5,5,0,1
Salmun,001,2022-11-07_16h37.30.647,audio-text-input,2022.2.2,Win32,59.78715772,,,,,,,,,2,,,,,,estimulos/5.wav,,,1,0,6,4,1
Salmun,001,2022-11-07_16h37.30.647,audio-text-input,2022.2.2,Win32,59.78715772,,,,,,,,,2,,,,,,estimulos/6.wav,,,1,1,7,5,1
Salmun,001,2022-11-07_16h37.30.647,audio-text-input,2022.2.2,Win32,59.78715772,,,,,,,,,2,,,,,,estimulos/3.wav,,,1,2,8,2,1
Salmun,001,2022-11-07_16h37.30.647,audio-text-input,2022.2.2,Win32,59.78715772,,,,,,,,,2,,,,,,estimulos/1.wav,,,1,3,9,0,1
Salmun,001,2022-11-07_16h37.30.647,audio-text-input,2022.2.2,Win32,59.78715772,,,,,,,,,2,,,,,,estimulos/4.wav,,,1,4,10,3,1
Salmun,001,2022-11-07_16h37.30.647,audio-text-input,2022.2.2,Win32,59.78715772,,,,,,,,,2,,,,,,estimulos/2.wav,,,1,5,11,1,1
Salmun,001,2022-11-07_16h37.30.647,audio-text-input,2022.2.2,Win32,59.78715772,,,,,,,,,"1,5",,,,,,estimulos/3.wav,,,2,0,12,2,1
Salmun,001,2022-11-07_16h37.30.647,audio-text-input,2022.2.2,Win32,59.78715772,,,,,,,,,"1,5",,,,,,estimulos/4.wav,,,2,1,13,3,1
Salmun,001,2022-11-07_16h37.30.647,audio-text-input,2022.2.2,Win32,59.78715772,,,,,,,,,"1,5",,,,,,estimulos/6.wav,,,2,2,14,5,1
Salmun,001,2022-11-07_16h37.30.647,audio-text-input,2022.2.2,Win32,59.78715772,,,,,,,,,"1,3",,,,,,estimulos/5.wav,,,2,3,15,4,1
Salmun,001,2022-11-07_16h37.30.647,audio-text-input,2022.2.2,Win32,59.78715772,,,,,,,,,1,,,,,,estimulos/2.wav,,,2,4,16,1,1
Salmun,001,2022-11-07_16h37.30.647,audio-text-input,2022.2.2,Win32,59.78715772,,,,,,,,,1,,,,,,estimulos/1.wav,,,2,5,17,0,1
Salmun,001,2022-11-07_16h37.30.647,audio-text-input,2022.2.2,Win32,59.78715772,,,,,,,,,",3",,,,,,estimulos/4.wav,,,3,0,18,3,1
Salmun,001,2022-11-07_16h37.30.647,audio-text-input,2022.2.2,Win32,59.78715772,,,,,,,,,"1,3",,,,,,estimulos/6.wav,,,3,1,19,5,1
Salmun,001,2022-11-07_16h37.30.647,audio-text-input,2022.2.2,Win32,59.78715772,,,,,,,,,1,,,,,,estimulos/2.wav,,,3,2,20,1,1
Salmun,001,2022-11-07_16h37.30.647,audio-text-input,2022.2.2,Win32,59.78715772,,,,,,,,,",5",,,,,,estimulos/3.wav,,,3,3,21,2,1
Salmun,001,2022-11-07_16h37.30.647,audio-text-input,2022.2.2,Win32,59.78715772,,,,,,,,,1,,,,,,estimulos/5.wav,,,3,4,22,4,1
Salmun,001,2022-11-07_16h37.30.647,audio-text-input,2022.2.2,Win32,59.78715772,,,,,,,,,1,,,,,,estimulos/1.wav,,,3,5,23,0,1
Salmun,001,2022-11-07_16h37.30.647,audio-text-input,2022.2.2,Win32,59.78715772,,,,,,,,,1,,,,,,estimulos/3.wav,,,4,0,24,2,1
Salmun,001,2022-11-07_16h37.30.647,audio-text-input,2022.2.2,Win32,59.78715772,,,,,,,,,1,,,,,,estimulos/2.wav,,,4,1,25,1,1
Salmun,001,2022-11-07_16h37.30.647,audio-text-input,2022.2.2,Win32,59.78715772,,,,,,,,,1,,,,,,estimulos/6.wav,,,4,2,26,5,1
Salmun,001,2022-11-07_16h37.30.647,audio-text-input,2022.2.2,Win32,59.78715772,,,,,,,,,1,,,,,,estimulos/5.wav,,,4,3,27,4,1
Salmun,001,2022-11-07_16h37.30.647,audio-text-input,2022.2.2,Win32,59.78715772,,,,,,,,,1,,,,,,estimulos/4.wav,,,4,4,28,3,1
Salmun,001,2022-11-07_16h37.30.647,audio-text-input,2022.2.2,Win32,59.78715772,,,,,,,,,"0,8",,,,,,estimulos/1.wav,,,4,5,29,0,1
Salmun,001,2022-11-07_16h37.30.647,audio-text-input,2022.2.2,Win32,59.78715772,,,,,,,,,,,,,,,,,,,,,,
