subject,room_condition,target_distance,perc_dist_sd,perc_dist_sem,perc_dist_var,perc_dist_n,perc_dist,rel_bias_signed_sd,rel_bias_signed_sem,rel_bias_signed_var,rel_bias_signed_n,rel_bias_signed,rel_bias_unsigned_sd,rel_bias_unsigned_sem,rel_bias_unsigned_var,rel_bias_unsigned_n,rel_bias_unsigned,abs_bias_sd,abs_bias_sem,abs_bias_var,abs_bias_n
1,Unknown environment,1,2.23606797749979,1,5,5,2,2.23606797749979,1,5,5,1,2.23606797749979,1,5,5,1,2.23606797749979,1,5,5
2,Unknown environment,1,0.28809720581775866,0.12884098726725124,0.083,5,0.54,0.28809720581775866,0.12884098726725124,0.083,5,-0.46,0.28809720581775866,0.12884098726725124,0.083,5,0.46,0.28809720581775866,0.12884098726725124,0.083,5
3,Unknown environment,1,0.3535533905932738,0.15811388300841897,0.125,5,1,0.3535533905932738,0.15811388300841897,0.125,5,0,0.27386127875258304,0.12247448713915889,0.075,5,0.2,0.27386127875258304,0.12247448713915889,0.075,5
4,Unknown environment,1,0.5477225575051661,0.24494897427831777,0.3,5,2.4,0.5477225575051661,0.24494897427831777,0.3,5,1.4,0.5477225575051661,0.24494897427831777,0.3,5,1.4,0.5477225575051661,0.24494897427831777,0.3,5
6,Unknown environment,1,0.5477225575051661,0.24494897427831777,0.3,5,3.4,0.5477225575051661,0.24494897427831777,0.3,5,2.4,0.5477225575051661,0.24494897427831777,0.3,5,2.4,0.5477225575051661,0.24494897427831777,0.3,5
9,Unknown environment,1,0.44721359549995793,0.19999999999999998,0.2,5,1.2,0.44721359549995793,0.19999999999999998,0.2,5,0.2,0.44721359549995793,0.19999999999999998,0.2,5,0.2,0.44721359549995793,0.19999999999999998,0.2,5
10,Unknown environment,1,0.44721359549995793,0.19999999999999998,0.2,5,1.8,0.44721359549995793,0.19999999999999998,0.2,5,0.8,0.44721359549995793,0.19999999999999998,0.2,5,0.8,0.44721359549995793,0.19999999999999998,0.2,5
11,Unknown environment,1,1,0.44721359549995793,1,5,4,1,0.44721359549995793,1,5,3,1,0.44721359549995793,1,5,3,1,0.44721359549995793,1,5
12,Unknown environment,1,0.44721359549995793,0.19999999999999998,0.2,5,1.2,0.44721359549995793,0.19999999999999998,0.2,5,0.2,0.44721359549995793,0.19999999999999998,0.2,5,0.2,0.44721359549995793,0.19999999999999998,0.2,5
13,Unknown environment,1,0.8944271909999159,0.39999999999999997,0.8,5,5.4,0.8944271909999159,0.39999999999999997,0.8,5,4.4,0.8944271909999159,0.39999999999999997,0.8,5,4.4,0.8944271909999159,0.39999999999999997,0.8,5
14,Unknown environment,1,0.44721359549995793,0.19999999999999998,0.2,5,1.2,0.44721359549995793,0.19999999999999998,0.2,5,0.2,0.44721359549995793,0.19999999999999998,0.2,5,0.2,0.44721359549995793,0.19999999999999998,0.2,5
15,Unknown environment,1,0.5477225575051661,0.24494897427831777,0.3,5,3.4,0.5477225575051661,0.24494897427831777,0.3,5,2.4,0.5477225575051661,0.24494897427831777,0.3,5,2.4,0.5477225575051661,0.24494897427831777,0.3,5
16,Unknown environment,1,0.8944271909999159,0.39999999999999997,0.8,5,2.6,0.8944271909999159,0.39999999999999997,0.8,5,1.6,0.8944271909999159,0.39999999999999997,0.8,5,1.6,0.8944271909999159,0.39999999999999997,0.8,5
18,Unknown environment,1,0.8366600265340756,0.3741657386773941,0.7,5,1.8,0.8366600265340756,0.3741657386773941,0.7,5,0.8,0.8366600265340756,0.3741657386773941,0.7,5,0.8,0.8366600265340756,0.3741657386773941,0.7,5
19,Unknown environment,1,0.7071067811865476,0.31622776601683794,0.5,5,6,0.7071067811865476,0.31622776601683794,0.5,5,5,0.7071067811865476,0.31622776601683794,0.5,5,5,0.7071067811865476,0.31622776601683794,0.5,5
20,Unknown environment,1,0,0,0,5,1.5,0,0,0,5,0.5,0,0,0,5,0.5,0,0,0,5
21,Unknown environment,1,0.22360679774997896,0.09999999999999999,0.05,5,0.6,0.22360679774997896,0.09999999999999999,0.05,5,-0.4,0.22360679774997896,0.09999999999999999,0.05,5,0.4,0.22360679774997896,0.09999999999999999,0.05,5
22,Unknown environment,1,0.44721359549995793,0.19999999999999998,0.2,5,2.2,0.44721359549995793,0.19999999999999998,0.2,5,1.2,0.44721359549995793,0.19999999999999998,0.2,5,1.2,0.44721359549995793,0.19999999999999998,0.2,5
23,Unknown environment,1,1.4832396974191326,0.6633249580710799,2.2,5,6.2,1.4832396974191326,0.6633249580710799,2.2,5,5.2,1.4832396974191326,0.6633249580710799,2.2,5,5.2,1.4832396974191326,0.6633249580710799,2.2,5
24,Unknown environment,1,0.6123724356957945,0.27386127875258304,0.375,5,1,0.6123724356957945,0.27386127875258304,0.375,5,0,0.4183300132670378,0.18708286933869706,0.175,5,0.4,0.4183300132670378,0.18708286933869706,0.175,5
25,Unknown environment,1,0.10954451150103325,0.04898979485566357,0.012000000000000007,5,0.68,0.10954451150103325,0.04898979485566357,0.012000000000000007,5,-0.32,0.10954451150103325,0.04898979485566357,0.012000000000000007,5,0.32,0.10954451150103325,0.04898979485566357,0.012000000000000007,5
26,Unknown environment,1,1.7320508075688772,0.7745966692414833,3,5,2,1.7320508075688772,0.7745966692414833,3,5,1,1.7320508075688772,0.7745966692414833,3,5,1,1.7320508075688772,0.7745966692414833,3,5
27,Unknown environment,1,0.4929503017546495,0.220454076850486,0.243,5,1.06,0.4929503017546495,0.220454076850486,0.243,5,0.06000000000000001,0.3209361307176242,0.14352700094407322,0.103,5,0.33999999999999997,0.3209361307176242,0.14352700094407322,0.103,5
28,Unknown environment,1,0,0,0,5,1,0,0,0,5,0,0,0,0,5,0,0,0,0,5
30,Unknown environment,1,0.2850438562747845,0.12747548783981963,0.08125,5,0.6,0.2850438562747845,0.12747548783981963,0.08125,5,-0.4,0.2850438562747845,0.12747548783981963,0.08125,5,0.4,0.2850438562747845,0.12747548783981963,0.08125,5
31,Unknown environment,1,0.5477225575051661,0.24494897427831777,0.3,5,2.4,0.5477225575051661,0.24494897427831777,0.3,5,1.4,0.5477225575051661,0.24494897427831777,0.3,5,1.4,0.5477225575051661,0.24494897427831777,0.3,5
32,Unknown environment,1,0.589915248150105,0.26381811916545833,0.348,5,1.36,0.589915248150105,0.26381811916545833,0.348,5,0.36,0.5176871642217914,0.2315167380558045,0.268,5,0.44,0.5176871642217914,0.2315167380558045,0.268,5
33,Unknown environment,1,0.22360679774997896,0.09999999999999999,0.05,5,0.9,0.22360679774997896,0.09999999999999999,0.05,5,-0.1,0.22360679774997896,0.09999999999999999,0.05,5,0.1,0.22360679774997896,0.09999999999999999,0.05,5
34,Unknown environment,1,0.5477225575051661,0.24494897427831777,0.3,5,0.6,0.5477225575051661,0.24494897427831777,0.3,5,-0.4,0.5477225575051661,0.24494897427831777,0.3,5,0.4,0.5477225575051661,0.24494897427831777,0.3,5
35,Unknown environment,1,0.27386127875258304,0.12247448713915889,0.075,5,0.8,0.27386127875258304,0.12247448713915889,0.075,5,-0.2,0.27386127875258304,0.12247448713915889,0.075,5,0.2,0.27386127875258304,0.12247448713915889,0.075,5
36,Unknown environment,1,0.44721359549995793,0.19999999999999998,0.2,5,1.2,0.44721359549995793,0.19999999999999998,0.2,5,0.2,0.44721359549995793,0.19999999999999998,0.2,5,0.2,0.44721359549995793,0.19999999999999998,0.2,5
101,Controlled environment,1,0.5477225575051661,0.24494897427831777,0.3,5,1.4,0.5477225575051661,0.24494897427831777,0.3,5,0.4,0.5477225575051661,0.24494897427831777,0.3,5,0.4,0.5477225575051661,0.24494897427831777,0.3,5
103,Controlled environment,1,0.27386127875258304,0.12247448713915889,0.075,5,1.45,0.27386127875258304,0.12247448713915889,0.075,5,0.45,0.27386127875258304,0.12247448713915889,0.075,5,0.45,0.27386127875258304,0.12247448713915889,0.075,5
104,Controlled environment,1,0.44721359549995793,0.19999999999999998,0.2,5,1.2,0.44721359549995793,0.19999999999999998,0.2,5,0.2,0.44721359549995793,0.19999999999999998,0.2,5,0.2,0.44721359549995793,0.19999999999999998,0.2,5
105,Controlled environment,1,0.44721359549995793,0.19999999999999998,0.2,5,1.2,0.44721359549995793,0.19999999999999998,0.2,5,0.2,0.44721359549995793,0.19999999999999998,0.2,5,0.2,0.44721359549995793,0.19999999999999998,0.2,5
106,Controlled environment,1,0,0,0,5,0.5,0,0,0,5,-0.5,0,0,0,5,0.5,0,0,0,5
107,Controlled environment,1,0.8944271909999159,0.39999999999999997,0.8,5,1.6,0.8944271909999159,0.39999999999999997,0.8,5,0.6,0.8944271909999159,0.39999999999999997,0.8,5,0.6,0.8944271909999159,0.39999999999999997,0.8,5
108,Controlled environment,1,1,0.44721359549995793,1,5,1.5,1,0.44721359549995793,1,5,0.5,0.8366600265340756,0.3741657386773941,0.7,5,0.7,0.8366600265340756,0.3741657386773941,0.7,5
109,Controlled environment,1,0.8944271909999159,0.39999999999999997,0.8,5,0.4,0.8944271909999159,0.39999999999999997,0.8,5,-0.6,0,0,0,5,1,0,0,0,5
110,Controlled environment,1,0.27386127875258304,0.12247448713915889,0.075,5,0.7,0.27386127875258304,0.12247448713915889,0.075,5,-0.3,0.27386127875258304,0.12247448713915889,0.075,5,0.3,0.27386127875258304,0.12247448713915889,0.075,5
111,Controlled environment,1,1,0.44721359549995793,1,5,2,1,0.44721359549995793,1,5,1,1,0.44721359549995793,1,5,1,1,0.44721359549995793,1,5
112,Controlled environment,1,0.22360679774997896,0.09999999999999999,0.05,5,0.9,0.22360679774997896,0.09999999999999999,0.05,5,-0.1,0.22360679774997896,0.09999999999999999,0.05,5,0.1,0.22360679774997896,0.09999999999999999,0.05,5
113,Controlled environment,1,0.570087712549569,0.25495097567963926,0.325,5,1.8,0.570087712549569,0.25495097567963926,0.325,5,0.8,0.570087712549569,0.25495097567963926,0.325,5,0.8,0.570087712549569,0.25495097567963926,0.325,5
115,Controlled environment,1,0.7071067811865476,0.31622776601683794,0.5,5,2,0.7071067811865476,0.31622776601683794,0.5,5,1,0.7071067811865476,0.31622776601683794,0.5,5,1,0.7071067811865476,0.31622776601683794,0.5,5
116,Controlled environment,1,0.5477225575051661,0.24494897427831777,0.3,5,1.4,0.5477225575051661,0.24494897427831777,0.3,5,0.4,0.5477225575051661,0.24494897427831777,0.3,5,0.4,0.5477225575051661,0.24494897427831777,0.3,5
117,Controlled environment,1,0.8944271909999159,0.39999999999999997,0.8,5,1.6,0.8944271909999159,0.39999999999999997,0.8,5,0.6,0.8944271909999159,0.39999999999999997,0.8,5,0.6,0.8944271909999159,0.39999999999999997,0.8,5
118,Controlled environment,1,0.44721359549995793,0.19999999999999998,0.2,5,2.2,0.44721359549995793,0.19999999999999998,0.2,5,1.2,0.44721359549995793,0.19999999999999998,0.2,5,1.2,0.44721359549995793,0.19999999999999998,0.2,5
119,Controlled environment,1,2.888425176458618,1.291743008496659,8.343,5,1.84,2.888425176458618,1.291743008496659,8.343,5,0.84,2.486563894212252,1.1120251795710383,6.183,5,1.56,2.486563894212252,1.1120251795710383,6.183,5
120,Controlled environment,1,0.08944271909999159,0.04,0.008,5,0.46,0.08944271909999157,0.039999999999999994,0.007999999999999997,5,-0.54,0.08944271909999157,0.039999999999999994,0.007999999999999997,5,0.54,0.08944271909999157,0.039999999999999994,0.007999999999999997,5
122,Controlled environment,1,0,0,0,5,2,0,0,0,5,1,0,0,0,5,1,0,0,0,5
123,Controlled environment,1,0,0,0,5,1,0,0,0,5,0,0,0,0,5,0,0,0,0,5
124,Controlled environment,1,0.22360679774997896,0.09999999999999999,0.05,5,0.9,0.22360679774997896,0.09999999999999999,0.05,5,-0.1,0.22360679774997896,0.09999999999999999,0.05,5,0.1,0.22360679774997896,0.09999999999999999,0.05,5
125,Controlled environment,1,1.51657508881031,0.6782329983125267,2.3,5,2.4,1.51657508881031,0.6782329983125267,2.3,5,1.4,1.51657508881031,0.6782329983125267,2.3,5,1.4,1.51657508881031,0.6782329983125267,2.3,5
126,Controlled environment,1,0,0,0,5,1,0,0,0,5,0,0,0,0,5,0,0,0,0,5
127,Controlled environment,1,0.44721359549995793,0.19999999999999998,0.2,5,1.2,0.44721359549995793,0.19999999999999998,0.2,5,0.2,0.44721359549995793,0.19999999999999998,0.2,5,0.2,0.44721359549995793,0.19999999999999998,0.2,5
128,Controlled environment,1,0,0,0,5,1,0,0,0,5,0,0,0,0,5,0,0,0,0,5
129,Controlled environment,1,0.7071067811865476,0.31622776601683794,0.5,5,2,0.7071067811865476,0.31622776601683794,0.5,5,1,0.7071067811865476,0.31622776601683794,0.5,5,1,0.7071067811865476,0.31622776601683794,0.5,5
130,Controlled environment,1,0.44721359549995793,0.19999999999999998,0.2,5,2.2,0.44721359549995793,0.19999999999999998,0.2,5,1.2,0.44721359549995793,0.19999999999999998,0.2,5,1.2,0.44721359549995793,0.19999999999999998,0.2,5
1,Unknown environment,2,0,0,0,5,2,0,0,0,5,0,0,0,0,5,0,0,0,0,5
2,Unknown environment,2,0.5477225575051661,0.24494897427831777,0.3,5,1.6,0.27386127875258304,0.12247448713915889,0.075,5,-0.2,0.27386127875258304,0.12247448713915889,0.075,5,0.2,0.5477225575051661,0.24494897427831777,0.3,5
3,Unknown environment,2,0,0,0,5,1,0,0,0,5,-0.5,0,0,0,5,0.5,0,0,0,5
4,Unknown environment,2,1.51657508881031,0.6782329983125267,2.3,5,4.6,0.758287544405155,0.33911649915626335,0.575,5,1.3,0.758287544405155,0.33911649915626335,0.575,5,1.3,1.51657508881031,0.6782329983125267,2.3,5
6,Unknown environment,2,0.5477225575051661,0.24494897427831777,0.3,5,4.4,0.27386127875258304,0.12247448713915889,0.075,5,1.2,0.27386127875258304,0.12247448713915889,0.075,5,1.2,0.5477225575051661,0.24494897427831777,0.3,5
9,Unknown environment,2,0.5477225575051661,0.24494897427831777,0.3,5,2.4,0.27386127875258304,0.12247448713915889,0.075,5,0.2,0.27386127875258304,0.12247448713915889,0.075,5,0.2,0.5477225575051661,0.24494897427831777,0.3,5
10,Unknown environment,2,0.8366600265340756,0.3741657386773941,0.7,5,4.2,0.4183300132670378,0.18708286933869706,0.175,5,1.1,0.4183300132670378,0.18708286933869706,0.175,5,1.1,0.8366600265340756,0.3741657386773941,0.7,5
11,Unknown environment,2,1.3038404810405297,0.58309518948453,1.7,5,5.8,0.6519202405202649,0.291547594742265,0.425,5,1.9,0.6519202405202649,0.291547594742265,0.425,5,1.9,1.3038404810405297,0.58309518948453,1.7,5
12,Unknown environment,2,0.5477225575051661,0.24494897427831777,0.3,5,1.6,0.27386127875258304,0.12247448713915889,0.075,5,-0.2,0.27386127875258304,0.12247448713915889,0.075,5,0.2,0.5477225575051661,0.24494897427831777,0.3,5
13,Unknown environment,2,2.8635642126552705,1.2806248474865696,8.2,5,8.2,1.4317821063276353,0.6403124237432848,2.05,5,3.1,1.4317821063276353,0.6403124237432848,2.05,5,3.1,2.8635642126552705,1.2806248474865696,8.2,5
14,Unknown environment,2,0.44721359549995793,0.19999999999999998,0.2,5,3.8,0.22360679774997896,0.09999999999999999,0.05,5,0.9,0.22360679774997896,0.09999999999999999,0.05,5,0.9,0.44721359549995793,0.19999999999999998,0.2,5
15,Unknown environment,2,0.9746794344808963,0.43588989435406733,0.95,5,5.3,0.48733971724044817,0.21794494717703367,0.2375,5,1.65,0.48733971724044817,0.21794494717703367,0.2375,5,1.65,0.9746794344808963,0.43588989435406733,0.95,5
16,Unknown environment,2,0.8366600265340756,0.3741657386773941,0.7,5,4.2,0.4183300132670378,0.18708286933869706,0.175,5,1.1,0.4183300132670378,0.18708286933869706,0.175,5,1.1,0.8366600265340756,0.3741657386773941,0.7,5
18,Unknown environment,2,0.44721359549995793,0.19999999999999998,0.2,5,3.2,0.22360679774997896,0.09999999999999999,0.05,5,0.6,0.22360679774997896,0.09999999999999999,0.05,5,0.6,0.44721359549995793,0.19999999999999998,0.2,5
19,Unknown environment,2,1.0954451150103321,0.48989794855663554,1.2,5,7.8,0.5477225575051661,0.24494897427831777,0.3,5,2.9,0.5477225575051661,0.24494897427831777,0.3,5,2.9,1.0954451150103321,0.48989794855663554,1.2,5
20,Unknown environment,2,0.4183300132670378,0.18708286933869706,0.175,5,2.4,0.2091650066335189,0.09354143466934853,0.04375,5,0.2,0.2091650066335189,0.09354143466934853,0.04375,5,0.2,0.4183300132670378,0.18708286933869706,0.175,5
21,Unknown environment,2,0.44721359549995793,0.19999999999999998,0.2,5,1.3,0.22360679774997896,0.09999999999999999,0.05,5,-0.35,0.22360679774997896,0.09999999999999999,0.05,5,0.35,0.44721359549995793,0.19999999999999998,0.2,5
22,Unknown environment,2,1.51657508881031,0.6782329983125267,2.3,5,5.4,0.758287544405155,0.33911649915626335,0.575,5,1.7,0.758287544405155,0.33911649915626335,0.575,5,1.7,1.51657508881031,0.6782329983125267,2.3,5
23,Unknown environment,2,1.7320508075688772,0.7745966692414833,3,5,7,0.8660254037844386,0.38729833462074165,0.75,5,2.5,0.8660254037844386,0.38729833462074165,0.75,5,2.5,1.7320508075688772,0.7745966692414833,3,5
24,Unknown environment,2,0.22360679774997896,0.09999999999999999,0.05,5,2.1,0.11180339887498948,0.049999999999999996,0.0125,5,0.05,0.11180339887498948,0.049999999999999996,0.0125,5,0.05,0.22360679774997896,0.09999999999999999,0.05,5
25,Unknown environment,2,0.08944271909999157,0.039999999999999994,0.007999999999999997,5,1.04,0.04472135954999579,0.019999999999999997,0.001999999999999999,5,-0.48,0.04472135954999579,0.019999999999999997,0.001999999999999999,5,0.48,0.08944271909999157,0.039999999999999994,0.007999999999999997,5
26,Unknown environment,2,1.224744871391589,0.5477225575051661,1.5,5,4,0.6123724356957945,0.27386127875258304,0.375,5,1,0.6123724356957945,0.27386127875258304,0.375,5,1,1.224744871391589,0.5477225575051661,1.5,5
27,Unknown environment,2,0.44721359549995793,0.19999999999999998,0.2,5,1.7,0.22360679774997896,0.09999999999999999,0.05,5,-0.15,0.22360679774997896,0.09999999999999999,0.05,5,0.15,0.44721359549995793,0.19999999999999998,0.2,5
28,Unknown environment,2,0.7071067811865476,0.31622776601683794,0.5,5,2,0.3535533905932738,0.15811388300841897,0.125,5,0,0.27386127875258304,0.12247448713915889,0.075,5,0.2,0.5477225575051661,0.24494897427831777,0.3,5
30,Unknown environment,2,1.4747881203752624,0.6595452979136458,2.175,5,2.9,0.7373940601876312,0.3297726489568229,0.54375,5,0.45,0.30618621784789724,0.13693063937629152,0.09375,5,0.75,0.6123724356957945,0.27386127875258304,0.375,5
31,Unknown environment,2,1.7888543819998317,0.7999999999999999,3.2,5,4.8,0.8944271909999159,0.39999999999999997,0.8,5,1.4,0.8944271909999159,0.39999999999999997,0.8,5,1.4,1.7888543819998317,0.7999999999999999,3.2,5
32,Unknown environment,2,0.5477225575051661,0.24494897427831777,0.3,5,1.4,0.27386127875258304,0.12247448713915889,0.075,5,-0.3,0.27386127875258304,0.12247448713915889,0.075,5,0.3,0.5477225575051661,0.24494897427831777,0.3,5
33,Unknown environment,2,0.9082951062292475,0.40620192023179796,0.825,5,3.8,0.45414755311462374,0.20310096011589898,0.20625,5,0.9,0.45414755311462374,0.20310096011589898,0.20625,5,0.9,0.9082951062292475,0.40620192023179796,0.825,5
34,Unknown environment,2,1.0954451150103321,0.48989794855663554,1.2,5,2.8,0.5477225575051661,0.24494897427831777,0.3,5,0.4,0.22360679774997896,0.09999999999999999,0.05,5,0.6,0.44721359549995793,0.19999999999999998,0.2,5
35,Unknown environment,2,0.7071067811865476,0.31622776601683794,0.5,5,1.5,0.3535533905932738,0.15811388300841897,0.125,5,-0.25,0.3535533905932738,0.15811388300841897,0.125,5,0.25,0.7071067811865476,0.31622776601683794,0.5,5
36,Unknown environment,2,0.5403702434442518,0.2416609194718914,0.2919999999999999,5,2.32,0.2701851217221259,0.1208304597359457,0.07299999999999998,5,0.15999999999999998,0.23452078799117146,0.10488088481701514,0.05499999999999999,5,0.19999999999999998,0.4690415759823429,0.2097617696340303,0.21999999999999997,5
101,Controlled environment,2,0.7071067811865476,0.31622776601683794,0.5,5,3,0.3535533905932738,0.15811388300841897,0.125,5,0.5,0.3535533905932738,0.15811388300841897,0.125,5,0.5,0.7071067811865476,0.31622776601683794,0.5,5
103,Controlled environment,2,0.13693063937629152,0.06123724356957944,0.01875,5,1.9,0.06846531968814576,0.03061862178478972,0.0046875,5,-0.05,0.06846531968814576,0.03061862178478972,0.0046875,5,0.05,0.13693063937629152,0.06123724356957944,0.01875,5
104,Controlled environment,2,0.5477225575051661,0.24494897427831777,0.3,5,3.6,0.27386127875258304,0.12247448713915889,0.075,5,0.8,0.27386127875258304,0.12247448713915889,0.075,5,0.8,0.5477225575051661,0.24494897427831777,0.3,5
105,Controlled environment,2,0.44721359549995793,0.19999999999999998,0.2,5,2.2,0.22360679774997896,0.09999999999999999,0.05,5,0.1,0.22360679774997896,0.09999999999999999,0.05,5,0.1,0.44721359549995793,0.19999999999999998,0.2,5
106,Controlled environment,2,0.27386127875258304,0.12247448713915889,0.075,5,0.8,0.13693063937629152,0.06123724356957944,0.01875,5,-0.6,0.13693063937629152,0.06123724356957944,0.01875,5,0.6,0.27386127875258304,0.12247448713915889,0.075,5
107,Controlled environment,2,2.345207879911715,1.0488088481701516,5.5,5,6,1.1726039399558574,0.5244044240850758,1.375,5,2,1.1726039399558574,0.5244044240850758,1.375,5,2,2.345207879911715,1.0488088481701516,5.5,5
108,Controlled environment,2,0.8366600265340756,0.3741657386773941,0.7,5,3.8,0.4183300132670378,0.18708286933869706,0.175,5,0.9,0.4183300132670378,0.18708286933869706,0.175,5,0.9,0.8366600265340756,0.3741657386773941,0.7,5
109,Controlled environment,2,1.6431676725154984,0.7348469228349535,2.7,5,4.2,0.8215838362577492,0.3674234614174767,0.675,5,1.1,0.8215838362577492,0.3674234614174767,0.675,5,1.1,1.6431676725154984,0.7348469228349535,2.7,5
110,Controlled environment,2,0.44721359549995793,0.19999999999999998,0.2,5,2.2,0.22360679774997896,0.09999999999999999,0.05,5,0.1,0.22360679774997896,0.09999999999999999,0.05,5,0.1,0.44721359549995793,0.19999999999999998,0.2,5
111,Controlled environment,2,2.073644135332772,0.9273618495495702,4.3,5,3.4,1.036822067666386,0.4636809247747851,1.075,5,0.7,0.8215838362577492,0.3674234614174767,0.675,5,0.9,1.6431676725154984,0.7348469228349535,2.7,5
112,Controlled environment,2,1.7888543819998317,0.7999999999999999,3.2,5,3.7,0.8944271909999159,0.39999999999999997,0.8,5,0.85,0.758287544405155,0.33911649915626335,0.575,5,0.95,1.51657508881031,0.6782329983125267,2.3,5
113,Controlled environment,2,0.3535533905932738,0.15811388300841897,0.125,5,3,0.1767766952966369,0.07905694150420949,0.03125,5,0.5,0.1767766952966369,0.07905694150420949,0.03125,5,0.5,0.3535533905932738,0.15811388300841897,0.125,5
115,Controlled environment,2,0.8944271909999159,0.39999999999999997,0.8,5,4.4,0.44721359549995793,0.19999999999999998,0.2,5,1.2,0.44721359549995793,0.19999999999999998,0.2,5,1.2,0.8944271909999159,0.39999999999999997,0.8,5
116,Controlled environment,2,0.7071067811865476,0.31622776601683794,0.5,5,3,0.3535533905932738,0.15811388300841897,0.125,5,0.5,0.3535533905932738,0.15811388300841897,0.125,5,0.5,0.7071067811865476,0.31622776601683794,0.5,5
117,Controlled environment,2,0.5477225575051661,0.24494897427831777,0.3,5,3.6,0.27386127875258304,0.12247448713915889,0.075,5,0.8,0.27386127875258304,0.12247448713915889,0.075,5,0.8,0.5477225575051661,0.24494897427831777,0.3,5
118,Controlled environment,2,0.8366600265340756,0.3741657386773941,0.7,5,3.8,0.4183300132670378,0.18708286933869706,0.175,5,0.9,0.4183300132670378,0.18708286933869706,0.175,5,0.9,0.8366600265340756,0.3741657386773941,0.7,5
119,Controlled environment,2,0.7713624310270756,0.3449637662132068,0.595,5,2,0.3856812155135378,0.1724818831066034,0.14875,5,0,0.1903943276465977,0.085146931829632,0.03625,5,0.3,0.3807886552931954,0.170293863659264,0.145,5
120,Controlled environment,2,0.3535533905932738,0.15811388300841897,0.125,5,2,0.1767766952966369,0.07905694150420949,0.03125,5,0,0.13693063937629152,0.06123724356957944,0.01875,5,0.1,0.27386127875258304,0.12247448713915889,0.075,5
122,Controlled environment,2,0.5477225575051661,0.24494897427831777,0.3,5,3.4,0.27386127875258304,0.12247448713915889,0.075,5,0.7,0.27386127875258304,0.12247448713915889,0.075,5,0.7,0.5477225575051661,0.24494897427831777,0.3,5
123,Controlled environment,2,0.5477225575051661,0.24494897427831777,0.3,5,1.6,0.27386127875258304,0.12247448713915889,0.075,5,-0.2,0.27386127875258304,0.12247448713915889,0.075,5,0.2,0.5477225575051661,0.24494897427831777,0.3,5
124,Controlled environment,2,0.6123724356957945,0.27386127875258304,0.375,5,2,0.30618621784789724,0.13693063937629152,0.09375,5,0,0.2091650066335189,0.09354143466934853,0.04375,5,0.2,0.4183300132670378,0.18708286933869706,0.175,5
125,Controlled environment,2,5.196152422706632,2.32379000772445,27,5,6,2.598076211353316,1.161895003862225,6.75,5,2,2.598076211353316,1.161895003862225,6.75,5,2,5.196152422706632,2.32379000772445,27,5
126,Controlled environment,2,1,0.44721359549995793,1,5,3.5,0.5,0.22360679774997896,0.25,5,0.75,0.5,0.22360679774997896,0.25,5,0.75,1,0.44721359549995793,1,5
127,Controlled environment,2,0.6708203932499369,0.3,0.45,5,2.3,0.33541019662496846,0.15,0.1125,5,0.15,0.25,0.11180339887498948,0.0625,5,0.25,0.5,0.22360679774997896,0.25,5
128,Controlled environment,2,0.8944271909999159,0.39999999999999997,0.8,5,2.6,0.44721359549995793,0.19999999999999998,0.2,5,0.3,0.44721359549995793,0.19999999999999998,0.2,5,0.3,0.8944271909999159,0.39999999999999997,0.8,5
129,Controlled environment,2,1.3416407864998738,0.6,1.8,5,4.6,0.6708203932499369,0.3,0.45,5,1.3,0.6708203932499369,0.3,0.45,5,1.3,1.3416407864998738,0.6,1.8,5
130,Controlled environment,2,0.8944271909999159,0.39999999999999997,0.8,5,3.6,0.44721359549995793,0.19999999999999998,0.2,5,0.8,0.44721359549995793,0.19999999999999998,0.2,5,0.8,0.8944271909999159,0.39999999999999997,0.8,5
1,Unknown environment,3,3.5946168085068537,1.6075615073769338,12.921269999999998,5,4.812,1.1982056028356178,0.5358538357923113,1.4356966666666664,5,0.604,0.9716692395620595,0.4345436942612586,0.944141111111111,5,0.8706666666666666,2.9150077186861783,1.3036310827837756,8.497269999999999,5
2,Unknown environment,3,0.758287544405155,0.33911649915626335,0.575,5,1.8,0.25276251480171835,0.1130388330520878,0.06388888888888888,5,-0.39999999999999997,0.25276251480171835,0.1130388330520878,0.06388888888888888,5,0.39999999999999997,0.758287544405155,0.33911649915626335,0.575,5
3,Unknown environment,3,0,0,0,5,1,0,0,0,5,-0.6666666666666666,0,0,0,5,0.6666666666666666,0,0,0,5
4,Unknown environment,3,1.224744871391589,0.5477225575051661,1.5,5,6,0.408248290463863,0.18257418583505536,0.16666666666666666,5,1,0.408248290463863,0.18257418583505536,0.16666666666666666,5,1,1.224744871391589,0.5477225575051661,1.5,5
6,Unknown environment,3,0.44721359549995793,0.19999999999999998,0.2,5,4.8,0.14907119849998596,0.06666666666666665,0.02222222222222222,5,0.6,0.14907119849998596,0.06666666666666665,0.02222222222222222,5,0.6,0.44721359549995793,0.19999999999999998,0.2,5
9,Unknown environment,3,1.140175425099138,0.5099019513592785,1.3,5,3.4,0.38005847503304596,0.16996731711975946,0.14444444444444443,5,0.13333333333333333,0.2788866755113585,0.12472191289246469,0.07777777777777777,5,0.26666666666666666,0.8366600265340756,0.3741657386773941,0.7,5
10,Unknown environment,3,1.140175425099138,0.5099019513592785,1.3,5,4.4,0.38005847503304596,0.16996731711975946,0.14444444444444443,5,0.4666666666666667,0.38005847503304596,0.16996731711975946,0.14444444444444443,5,0.4666666666666667,1.140175425099138,0.5099019513592785,1.3,5
11,Unknown environment,3,1.140175425099138,0.5099019513592785,1.3,5,6.4,0.380058475033046,0.1699673171197595,0.14444444444444446,5,1.1333333333333333,0.380058475033046,0.1699673171197595,0.14444444444444446,5,1.1333333333333333,1.140175425099138,0.5099019513592785,1.3,5
12,Unknown environment,3,1.0954451150103321,0.48989794855663554,1.2,5,3.2,0.3651483716701107,0.1632993161855452,0.13333333333333333,5,0.06666666666666667,0.2981423969999719,0.1333333333333333,0.08888888888888888,5,0.19999999999999998,0.8944271909999159,0.39999999999999997,0.8,5
13,Unknown environment,3,2.1213203435596424,0.9486832980505137,4.5,5,9,0.7071067811865476,0.31622776601683794,0.5000000000000001,5,2,0.7071067811865476,0.31622776601683794,0.5000000000000001,5,2,2.1213203435596424,0.9486832980505137,4.5,5
14,Unknown environment,3,0.8366600265340756,0.3741657386773941,0.7,5,4.8,0.27888667551135854,0.12472191289246472,0.07777777777777778,5,0.6,0.27888667551135854,0.12472191289246472,0.07777777777777778,5,0.6,0.8366600265340756,0.3741657386773941,0.7,5
15,Unknown environment,3,0.5,0.25,0.25,4,5.75,0.16666666666666669,0.08333333333333334,0.027777777777777783,4,0.9166666666666666,0.16666666666666669,0.08333333333333334,0.027777777777777783,4,0.9166666666666666,0.5,0.25,0.25,4
16,Unknown environment,3,1.3038404810405297,0.58309518948453,1.7,5,6.2,0.4346134936801766,0.19436506316151,0.1888888888888889,5,1.0666666666666667,0.4346134936801766,0.19436506316151,0.1888888888888889,5,1.0666666666666667,1.3038404810405297,0.58309518948453,1.7,5
18,Unknown environment,3,0.7071067811865476,0.31622776601683794,0.5,5,4,0.23570226039551584,0.10540925533894598,0.05555555555555555,5,0.3333333333333333,0.23570226039551584,0.10540925533894598,0.05555555555555555,5,0.3333333333333333,0.7071067811865476,0.31622776601683794,0.5,5
19,Unknown environment,3,1.224744871391589,0.5477225575051661,1.5,5,9,0.40824829046386313,0.1825741858350554,0.16666666666666674,5,2,0.40824829046386313,0.1825741858350554,0.16666666666666674,5,2,1.224744871391589,0.5477225575051661,1.5,5
20,Unknown environment,3,0.3535533905932738,0.15811388300841897,0.125,5,3,0.11785113019775792,0.05270462766947299,0.013888888888888888,5,0,0.09128709291752768,0.0408248290463863,0.008333333333333333,5,0.06666666666666667,0.27386127875258304,0.12247448713915889,0.075,5
21,Unknown environment,3,0.27386127875258304,0.12247448713915889,0.075,5,1.7,0.09128709291752769,0.040824829046386304,0.008333333333333335,5,-0.43333333333333335,0.09128709291752769,0.040824829046386304,0.008333333333333335,5,0.43333333333333335,0.27386127875258304,0.12247448713915889,0.075,5
22,Unknown environment,3,1.0954451150103321,0.48989794855663554,1.2,5,6.8,0.36514837167011077,0.16329931618554522,0.13333333333333336,5,1.2666666666666666,0.36514837167011077,0.16329931618554522,0.13333333333333336,5,1.2666666666666666,1.0954451150103321,0.48989794855663554,1.2,5
23,Unknown environment,3,0.7071067811865476,0.31622776601683794,0.5,5,8,0.23570226039551587,0.10540925533894599,0.055555555555555566,5,1.6666666666666667,0.23570226039551587,0.10540925533894599,0.055555555555555566,5,1.6666666666666667,0.7071067811865476,0.31622776601683794,0.5,5
24,Unknown environment,3,0.44721359549995793,0.19999999999999998,0.2,5,2.8,0.14907119849998596,0.06666666666666665,0.02222222222222222,5,-0.06666666666666667,0.07453559924999298,0.033333333333333326,0.005555555555555555,5,0.13333333333333333,0.22360679774997896,0.09999999999999999,0.05,5
25,Unknown environment,3,0.044721359549995836,0.020000000000000018,0.0020000000000000035,5,1.02,0.014907119849998594,0.0066666666666666645,2.2222222222222212e-4,5,-0.6599999999999999,0.014907119849998594,0.0066666666666666645,2.2222222222222212e-4,5,0.6599999999999999,0.044721359549995836,0.020000000000000018,0.0020000000000000035,5
26,Unknown environment,3,0.8366600265340756,0.3741657386773941,0.7,5,3.8,0.2788866755113585,0.12472191289246469,0.07777777777777777,5,0.26666666666666666,0.2788866755113585,0.12472191289246469,0.07777777777777777,5,0.26666666666666666,0.8366600265340756,0.3741657386773941,0.7,5
27,Unknown environment,3,0.4183300132670378,0.18708286933869706,0.175,5,1.6,0.13944333775567927,0.06236095644623236,0.019444444444444445,5,-0.4666666666666667,0.13944333775567927,0.06236095644623236,0.019444444444444445,5,0.4666666666666667,0.4183300132670378,0.18708286933869706,0.175,5
28,Unknown environment,3,0.5477225575051661,0.24494897427831777,0.3,5,3.6,0.18257418583505536,0.0816496580927726,0.03333333333333333,5,0.19999999999999998,0.18257418583505536,0.0816496580927726,0.03333333333333333,5,0.19999999999999998,0.5477225575051661,0.24494897427831777,0.3,5
30,Unknown environment,3,1.396424004376894,0.6244997998398397,1.95,5,3.3,0.4654746681256314,0.20816659994661327,0.21666666666666665,5,0.1,0.2472066162365221,0.11055415967851333,0.06111111111111111,5,0.36666666666666664,0.7416198487095663,0.33166247903553997,0.55,5
31,Unknown environment,3,1.5811388300841898,0.7071067811865476,2.5,5,5,0.5270462766947298,0.23570226039551578,0.27777777777777773,5,0.6666666666666666,0.5270462766947298,0.23570226039551578,0.27777777777777773,5,0.6666666666666666,1.5811388300841898,0.7071067811865476,2.5,5
32,Unknown environment,3,0.6519202405202649,0.291547594742265,0.425,5,1.4,0.2173067468400883,0.097182531580755,0.04722222222222223,5,-0.5333333333333333,0.2173067468400883,0.097182531580755,0.04722222222222223,5,0.5333333333333333,0.6519202405202649,0.291547594742265,0.425,5
33,Unknown environment,3,2.564176280991617,1.1467344941179713,6.575,5,5.7,0.8547254269972057,0.38224483137265713,0.7305555555555555,5,0.9,0.8547254269972057,0.38224483137265713,0.7305555555555555,5,0.9,2.564176280991617,1.1467344941179713,6.575,5
34,Unknown environment,3,1.9148542155126762,0.9574271077563381,3.6666666666666665,4,4.5,0.6382847385042254,0.3191423692521127,0.4074074074074074,4,0.5,0.6382847385042254,0.3191423692521127,0.4074074074074074,4,0.5,1.9148542155126762,0.9574271077563381,3.6666666666666665,4
35,Unknown environment,3,0.9370165420097982,0.4190465367951392,0.8779999999999999,5,3.34,0.3123388473365994,0.13968217893171306,0.09755555555555553,5,0.11333333333333334,0.2902106514623855,0.12978614889287854,0.08422222222222221,5,0.15333333333333332,0.8706319543871567,0.38935844667863573,0.758,5
36,Unknown environment,3,0.6942621983083912,0.3104834939252004,0.48199999999999993,5,3.02,0.23142073276946373,0.10349449797506681,0.053555555555555544,5,0.006666666666666645,0.13743685418725532,0.0614636297152859,0.018888888888888882,5,0.16666666666666666,0.412310562561766,0.18439088914585772,0.16999999999999996,5
101,Controlled environment,3,0.5477225575051661,0.24494897427831777,0.3,5,3.4,0.18257418583505536,0.0816496580927726,0.03333333333333333,5,0.13333333333333333,0.18257418583505536,0.0816496580927726,0.03333333333333333,5,0.13333333333333333,0.5477225575051661,0.24494897427831777,0.3,5
103,Controlled environment,3,0.6373774391990981,0.28504385627478446,0.40625,5,2.5,0.21245914639969934,0.09501461875826148,0.04513888888888888,5,-0.16666666666666666,0.10865337342004414,0.048591265790377494,0.011805555555555554,5,0.23333333333333334,0.32596012026013244,0.1457737973711325,0.10625,5
104,Controlled environment,3,1,0.44721359549995793,1,5,5,0.33333333333333337,0.14907119849998599,0.11111111111111112,5,0.6666666666666666,0.33333333333333337,0.14907119849998599,0.11111111111111112,5,0.6666666666666666,1,0.44721359549995793,1,5
105,Controlled environment,3,0.5477225575051661,0.24494897427831777,0.3,5,2.6,0.18257418583505536,0.0816496580927726,0.03333333333333333,5,-0.13333333333333333,0.18257418583505536,0.0816496580927726,0.03333333333333333,5,0.13333333333333333,0.5477225575051661,0.24494897427831777,0.3,5
106,Controlled environment,3,0.6708203932499369,0.3,0.45,5,1.7,0.22360679774997896,0.09999999999999999,0.049999999999999996,5,-0.4333333333333333,0.22360679774997896,0.09999999999999999,0.049999999999999996,5,0.4333333333333333,0.6708203932499369,0.3,0.45,5
107,Controlled environment,3,2.9154759474226504,1.3038404810405297,8.5,5,8,0.9718253158075502,0.4346134936801766,0.9444444444444445,5,1.6666666666666667,0.9718253158075502,0.4346134936801766,0.9444444444444445,5,1.6666666666666667,2.9154759474226504,1.3038404810405297,8.5,5
108,Controlled environment,3,0.7071067811865476,0.31622776601683794,0.5,5,5,0.23570226039551584,0.10540925533894598,0.05555555555555556,5,0.6666666666666666,0.23570226039551584,0.10540925533894598,0.05555555555555556,5,0.6666666666666666,0.7071067811865476,0.31622776601683794,0.5,5
109,Controlled environment,3,2.1908902300206643,0.9797958971132711,4.8,5,6.6,0.7302967433402215,0.32659863237109044,0.5333333333333334,5,1.2,0.7302967433402215,0.32659863237109044,0.5333333333333334,5,1.2,2.1908902300206643,0.9797958971132711,4.8,5
110,Controlled environment,3,0.8366600265340756,0.3741657386773941,0.7,5,3.2,0.2788866755113585,0.12472191289246469,0.07777777777777777,5,0.06666666666666667,0.18257418583505536,0.0816496580927726,0.03333333333333333,5,0.19999999999999998,0.5477225575051661,0.24494897427831777,0.3,5
111,Controlled environment,3,1.224744871391589,0.5477225575051661,1.5,5,5,0.408248290463863,0.18257418583505536,0.16666666666666666,5,0.6666666666666666,0.408248290463863,0.18257418583505536,0.16666666666666666,5,0.6666666666666666,1.224744871391589,0.5477225575051661,1.5,5
112,Controlled environment,3,0.758287544405155,0.33911649915626335,0.575,5,4.7,0.25276251480171835,0.1130388330520878,0.0638888888888889,5,0.5666666666666667,0.25276251480171835,0.1130388330520878,0.0638888888888889,5,0.5666666666666667,0.758287544405155,0.33911649915626335,0.575,5
113,Controlled environment,3,0.27386127875258304,0.12247448713915889,0.075,5,3.7,0.09128709291752768,0.0408248290463863,0.008333333333333333,5,0.2333333333333333,0.09128709291752768,0.0408248290463863,0.008333333333333333,5,0.2333333333333333,0.27386127875258304,0.12247448713915889,0.075,5
115,Controlled environment,3,1.140175425099138,0.5099019513592785,1.3,5,6.4,0.380058475033046,0.1699673171197595,0.14444444444444446,5,1.1333333333333333,0.380058475033046,0.1699673171197595,0.14444444444444446,5,1.1333333333333333,1.140175425099138,0.5099019513592785,1.3,5
116,Controlled environment,3,0.5477225575051661,0.24494897427831777,0.3,5,3.6,0.18257418583505536,0.0816496580927726,0.03333333333333333,5,0.19999999999999998,0.18257418583505536,0.0816496580927726,0.03333333333333333,5,0.19999999999999998,0.5477225575051661,0.24494897427831777,0.3,5
117,Controlled environment,3,0.8366600265340756,0.3741657386773941,0.7,5,2.2,0.2788866755113585,0.12472191289246469,0.07777777777777777,5,-0.26666666666666666,0.2788866755113585,0.12472191289246469,0.07777777777777777,5,0.26666666666666666,0.8366600265340756,0.3741657386773941,0.7,5
118,Controlled environment,3,1.3038404810405297,0.58309518948453,1.7,5,6.2,0.43461349368017654,0.19436506316150998,0.18888888888888886,5,1.0666666666666667,0.43461349368017654,0.19436506316150998,0.18888888888888886,5,1.0666666666666667,1.3038404810405297,0.58309518948453,1.7,5
119,Controlled environment,3,1.0816653826391966,0.4837354648979129,1.17,5,2.5,0.36055512754639896,0.161245154965971,0.13,5,-0.16666666666666666,0.17701224063135668,0.07916228058025276,0.031333333333333324,5,0.32666666666666666,0.53103672189407,0.2374868417407583,0.2819999999999999,5
120,Controlled environment,3,0.8366600265340756,0.3741657386773941,0.7,5,3.8,0.2788866755113585,0.12472191289246469,0.07777777777777777,5,0.26666666666666666,0.2788866755113585,0.12472191289246469,0.07777777777777777,5,0.26666666666666666,0.8366600265340756,0.3741657386773941,0.7,5
122,Controlled environment,3,1.0954451150103321,0.48989794855663554,1.2,5,4.2,0.3651483716701107,0.1632993161855452,0.13333333333333333,5,0.39999999999999997,0.3651483716701107,0.1632993161855452,0.13333333333333333,5,0.39999999999999997,1.0954451150103321,0.48989794855663554,1.2,5
123,Controlled environment,3,0.8366600265340756,0.3741657386773941,0.7,5,2.2,0.2788866755113585,0.12472191289246469,0.07777777777777777,5,-0.26666666666666666,0.2788866755113585,0.12472191289246469,0.07777777777777777,5,0.26666666666666666,0.8366600265340756,0.3741657386773941,0.7,5
124,Controlled environment,3,0.7071067811865476,0.31622776601683794,0.5,5,2,0.23570226039551584,0.10540925533894598,0.05555555555555555,5,-0.3333333333333333,0.23570226039551584,0.10540925533894598,0.05555555555555555,5,0.3333333333333333,0.7071067811865476,0.31622776601683794,0.5,5
125,Controlled environment,3,4.764451699828638,2.1307275752662513,22.7,5,9.2,1.5881505666095461,0.7102425250887505,2.522222222222222,5,2.066666666666667,1.5881505666095461,0.7102425250887505,2.522222222222222,5,2.066666666666667,4.764451699828638,2.1307275752662513,22.7,5
126,Controlled environment,3,1.140175425099138,0.5099019513592785,1.3,5,4.4,0.38005847503304596,0.16996731711975946,0.14444444444444443,5,0.4666666666666667,0.38005847503304596,0.16996731711975946,0.14444444444444443,5,0.4666666666666667,1.140175425099138,0.5099019513592785,1.3,5
127,Controlled environment,3,0.8944271909999159,0.39999999999999997,0.8,5,3.6,0.2981423969999719,0.1333333333333333,0.08888888888888888,5,0.19999999999999998,0.2981423969999719,0.1333333333333333,0.08888888888888888,5,0.19999999999999998,0.8944271909999159,0.39999999999999997,0.8,5
128,Controlled environment,3,1.224744871391589,0.5477225575051661,1.5,5,4,0.408248290463863,0.18257418583505536,0.16666666666666666,5,0.3333333333333333,0.408248290463863,0.18257418583505536,0.16666666666666666,5,0.3333333333333333,1.224744871391589,0.5477225575051661,1.5,5
129,Controlled environment,3,0.8366600265340756,0.3741657386773941,0.7,5,5.2,0.27888667551135854,0.12472191289246472,0.07777777777777778,5,0.7333333333333333,0.27888667551135854,0.12472191289246472,0.07777777777777778,5,0.7333333333333333,0.8366600265340756,0.3741657386773941,0.7,5
130,Controlled environment,3,0.44721359549995793,0.19999999999999998,0.2,5,4.2,0.14907119849998596,0.06666666666666665,0.02222222222222222,5,0.39999999999999997,0.14907119849998596,0.06666666666666665,0.02222222222222222,5,0.39999999999999997,0.44721359549995793,0.19999999999999998,0.2,5
1,Unknown environment,4,1.3038404810405297,0.58309518948453,1.7,5,3.2,0.32596012026013244,0.1457737973711325,0.10625,5,-0.2,0.32596012026013244,0.1457737973711325,0.10625,5,0.2,1.3038404810405297,0.58309518948453,1.7,5
2,Unknown environment,4,1.02469507659596,0.458257569495584,1.05,5,1.9,0.25617376914899,0.114564392373896,0.065625,5,-0.525,0.25617376914899,0.114564392373896,0.065625,5,0.525,1.02469507659596,0.458257569495584,1.05,5
3,Unknown environment,4,0.14142135623730948,0.06324555320336757,0.01999999999999999,5,1,0.03535533905932741,0.01581138830084191,0.0012500000000000022,5,-0.75,0.03535533905932741,0.01581138830084191,0.0012500000000000022,5,0.75,0.14142135623730964,0.06324555320336764,0.020000000000000035,5
4,Unknown environment,4,1.140175425099138,0.5099019513592785,1.3,5,7.4,0.2850438562747845,0.12747548783981963,0.08125,5,0.85,0.2850438562747845,0.12747548783981963,0.08125,5,0.85,1.140175425099138,0.5099019513592785,1.3,5
6,Unknown environment,4,0.7071067811865476,0.31622776601683794,0.5,5,6,0.1767766952966369,0.07905694150420949,0.03125,5,0.5,0.1767766952966369,0.07905694150420949,0.03125,5,0.5,0.7071067811865476,0.31622776601683794,0.5,5
9,Unknown environment,4,1.140175425099138,0.5099019513592785,1.3,5,4.4,0.2850438562747845,0.12747548783981963,0.08125,5,0.1,0.2091650066335189,0.09354143466934853,0.04375,5,0.2,0.8366600265340756,0.3741657386773941,0.7,5
10,Unknown environment,4,0.8366600265340756,0.3741657386773941,0.7,5,5.8,0.2091650066335189,0.09354143466934853,0.04375,5,0.45,0.2091650066335189,0.09354143466934853,0.04375,5,0.45,0.8366600265340756,0.3741657386773941,0.7,5
11,Unknown environment,4,1.0954451150103321,0.48989794855663554,1.2,5,7.2,0.27386127875258304,0.12247448713915889,0.075,5,0.8,0.27386127875258304,0.12247448713915889,0.075,5,0.8,1.0954451150103321,0.48989794855663554,1.2,5
12,Unknown environment,4,0.8366600265340756,0.3741657386773941,0.7,5,2.8,0.2091650066335189,0.09354143466934853,0.04375,5,-0.3,0.2091650066335189,0.09354143466934853,0.04375,5,0.3,0.8366600265340756,0.3741657386773941,0.7,5
13,Unknown environment,4,2.4899799195977463,1.1135528725660042,6.2,5,10.2,0.6224949798994366,0.27838821814150105,0.3875,5,1.55,0.6224949798994366,0.27838821814150105,0.3875,5,1.55,2.4899799195977463,1.1135528725660042,6.2,5
14,Unknown environment,4,0.44721359549995793,0.19999999999999998,0.2,5,4.8,0.11180339887498948,0.049999999999999996,0.0125,5,0.2,0.11180339887498948,0.049999999999999996,0.0125,5,0.2,0.44721359549995793,0.19999999999999998,0.2,5
15,Unknown environment,4,0.44721359549995793,0.19999999999999998,0.2,5,6.2,0.11180339887498948,0.049999999999999996,0.0125,5,0.55,0.11180339887498948,0.049999999999999996,0.0125,5,0.55,0.44721359549995793,0.19999999999999998,0.2,5
16,Unknown environment,4,0.8366600265340756,0.3741657386773941,0.7,5,6.2,0.2091650066335189,0.09354143466934853,0.04375,5,0.55,0.2091650066335189,0.09354143466934853,0.04375,5,0.55,0.8366600265340756,0.3741657386773941,0.7,5
18,Unknown environment,4,0.5477225575051661,0.24494897427831777,0.3,5,4.4,0.13693063937629152,0.06123724356957944,0.01875,5,0.1,0.13693063937629152,0.06123724356957944,0.01875,5,0.1,0.5477225575051661,0.24494897427831777,0.3,5
19,Unknown environment,4,1.0954451150103321,0.48989794855663554,1.2,5,9.8,0.27386127875258304,0.12247448713915889,0.075,5,1.45,0.27386127875258304,0.12247448713915889,0.075,5,1.45,1.0954451150103321,0.48989794855663554,1.2,5
20,Unknown environment,4,0.22360679774997896,0.09999999999999999,0.05,5,3.4,0.05590169943749474,0.024999999999999998,0.003125,5,-0.15,0.05590169943749474,0.024999999999999998,0.003125,5,0.15,0.22360679774997896,0.09999999999999999,0.05,5
21,Unknown environment,4,0.27386127875258304,0.12247448713915889,0.075,5,1.8,0.06846531968814576,0.03061862178478972,0.0046875,5,-0.55,0.06846531968814576,0.03061862178478972,0.0046875,5,0.55,0.27386127875258304,0.12247448713915889,0.075,5
22,Unknown environment,4,1.4142135623730951,0.6324555320336759,2,5,7,0.3535533905932738,0.15811388300841897,0.125,5,0.75,0.3535533905932738,0.15811388300841897,0.125,5,0.75,1.4142135623730951,0.6324555320336759,2,5
23,Unknown environment,4,0.8366600265340756,0.3741657386773941,0.7,5,8.2,0.2091650066335189,0.09354143466934853,0.04375,5,1.05,0.2091650066335189,0.09354143466934853,0.04375,5,1.05,0.8366600265340756,0.3741657386773941,0.7,5
24,Unknown environment,4,0.570087712549569,0.25495097567963926,0.325,5,4.2,0.14252192813739226,0.06373774391990981,0.0203125,5,0.05,0.10458250331675945,0.046770717334674264,0.0109375,5,0.1,0.4183300132670378,0.18708286933869706,0.175,5
25,Unknown environment,4,0.23021728866442678,0.10295630140987001,0.053000000000000005,5,1.16,0.05755432216610668,0.025739075352467496,0.003312499999999999,5,-0.71,0.05755432216610668,0.025739075352467496,0.003312499999999999,5,0.71,0.23021728866442673,0.10295630140986999,0.052999999999999985,5
26,Unknown environment,4,1.140175425099138,0.5099019513592785,1.3,5,4.6,0.2850438562747845,0.12747548783981963,0.08125,5,0.15,0.1767766952966369,0.07905694150420949,0.03125,5,0.25,0.7071067811865476,0.31622776601683794,0.5,5
27,Unknown environment,4,0.6519202405202649,0.291547594742265,0.425,5,1.9,0.16298006013006622,0.07288689868556625,0.0265625,5,-0.525,0.16298006013006622,0.07288689868556625,0.0265625,5,0.525,0.6519202405202649,0.291547594742265,0.425,5
28,Unknown environment,4,1.51657508881031,0.6782329983125267,2.3,5,4.6,0.3791437722025775,0.16955824957813168,0.14375,5,0.15,0.13693063937629152,0.06123724356957944,0.01875,5,0.35,0.5477225575051661,0.24494897427831777,0.3,5
30,Unknown environment,4,2.138924963620744,0.9565563234854496,4.575,5,3.7,0.534731240905186,0.2391390808713624,0.2859375,5,-0.075,0.2592055169165965,0.11592023119369628,0.0671875,5,0.425,1.036822067666386,0.4636809247747851,1.075,5
31,Unknown environment,4,1,0.44721359549995793,1,5,6,0.25,0.11180339887498948,0.0625,5,0.5,0.25,0.11180339887498948,0.0625,5,0.5,1,0.44721359549995793,1,5
32,Unknown environment,4,0.7231873892705818,0.3234192325759246,0.523,5,1.36,0.18079684731764548,0.08085480814398116,0.03268750000000001,5,-0.66,0.18079684731764548,0.08085480814398116,0.03268750000000001,5,0.66,0.7231873892705819,0.32341923257592464,0.5230000000000001,5
33,Unknown environment,4,2.329162939770423,1.0416333327999827,5.425,5,5.6,0.5822907349426057,0.2604083331999957,0.3390625,5,0.4,0.4759858191164943,0.21286732957408003,0.2265625,5,0.5,1.9039432764659772,0.8514693182963201,3.625,5
34,Unknown environment,4,3.286335345030997,1.469693845669907,10.8,5,4.4,0.8215838362577492,0.3674234614174767,0.675,5,0.1,0.48733971724044817,0.21794494717703367,0.2375,5,0.6,1.9493588689617927,0.8717797887081347,3.8,5
35,Unknown environment,4,1.224744871391589,0.5477225575051661,1.5,5,4,0.30618621784789724,0.13693063937629152,0.09375,5,0,0.2091650066335189,0.09354143466934853,0.04375,5,0.2,0.8366600265340756,0.3741657386773941,0.7,5
36,Unknown environment,4,0.5176871642217914,0.2315167380558045,0.26799999999999996,5,3.56,0.12942179105544785,0.057879184513951125,0.016749999999999998,5,-0.11000000000000001,0.12942179105544785,0.057879184513951125,0.016749999999999998,5,0.11000000000000001,0.5176871642217914,0.2315167380558045,0.26799999999999996,5
101,Controlled environment,4,0.7071067811865476,0.31622776601683794,0.5,5,4,0.1767766952966369,0.07905694150420949,0.03125,5,0,0.13693063937629152,0.06123724356957944,0.01875,5,0.1,0.5477225575051661,0.24494897427831777,0.3,5
103,Controlled environment,4,0.6708203932499369,0.3,0.45,5,2.95,0.16770509831248423,0.075,0.028125,5,-0.2625,0.16770509831248423,0.075,0.028125,5,0.2625,0.6708203932499369,0.3,0.45,5
104,Controlled environment,4,1.4142135623730951,0.6324555320336759,2,5,7,0.3535533905932738,0.15811388300841897,0.125,5,0.75,0.3535533905932738,0.15811388300841897,0.125,5,0.75,1.4142135623730951,0.6324555320336759,2,5
105,Controlled environment,4,0.44721359549995793,0.19999999999999998,0.2,5,2.2,0.11180339887498948,0.049999999999999996,0.0125,5,-0.45,0.11180339887498948,0.049999999999999996,0.0125,5,0.45,0.44721359549995793,0.19999999999999998,0.2,5
106,Controlled environment,4,0.5477225575051661,0.24494897427831777,0.3,5,1.6,0.13693063937629152,0.06123724356957944,0.01875,5,-0.6,0.13693063937629152,0.06123724356957944,0.01875,5,0.6,0.5477225575051661,0.24494897427831777,0.3,5
107,Controlled environment,4,2,0.8944271909999159,4,5,9,0.5,0.22360679774997896,0.25,5,1.25,0.5,0.22360679774997896,0.25,5,1.25,2,0.8944271909999159,4,5
108,Controlled environment,4,0.7071067811865476,0.31622776601683794,0.5,5,6,0.1767766952966369,0.07905694150420949,0.03125,5,0.5,0.1767766952966369,0.07905694150420949,0.03125,5,0.5,0.7071067811865476,0.31622776601683794,0.5,5
109,Controlled environment,4,1.51657508881031,0.6782329983125267,2.3,5,8.4,0.3791437722025775,0.16955824957813168,0.14375,5,1.1,0.3791437722025775,0.16955824957813168,0.14375,5,1.1,1.51657508881031,0.6782329983125267,2.3,5
110,Controlled environment,4,0.8366600265340756,0.3741657386773941,0.7,5,3.8,0.2091650066335189,0.09354143466934853,0.04375,5,-0.05,0.13693063937629152,0.06123724356957944,0.01875,5,0.15,0.5477225575051661,0.24494897427831777,0.3,5
111,Controlled environment,4,2.073644135332772,0.9273618495495702,4.3,5,6.6,0.518411033833193,0.23184046238739256,0.26875,5,0.65,0.518411033833193,0.23184046238739256,0.26875,5,0.65,2.073644135332772,0.9273618495495702,4.3,5
112,Controlled environment,4,1.140175425099138,0.5099019513592785,1.3,5,4.4,0.2850438562747845,0.12747548783981963,0.08125,5,0.1,0.2091650066335189,0.09354143466934853,0.04375,5,0.2,0.8366600265340756,0.3741657386773941,0.7,5
113,Controlled environment,4,0.8215838362577492,0.3674234614174767,0.675,5,3.9,0.2053959590644373,0.09185586535436918,0.0421875,5,-0.025,0.06846531968814576,0.03061862178478972,0.0046875,5,0.175,0.27386127875258304,0.12247448713915889,0.075,5
115,Controlled environment,4,1.3416407864998738,0.6,1.8,5,7.6,0.33541019662496846,0.15,0.1125,5,0.9,0.33541019662496846,0.15,0.1125,5,0.9,1.3416407864998738,0.6,1.8,5
116,Controlled environment,4,0.5477225575051661,0.24494897427831777,0.3,5,4.6,0.13693063937629152,0.06123724356957944,0.01875,5,0.15,0.13693063937629152,0.06123724356957944,0.01875,5,0.15,0.5477225575051661,0.24494897427831777,0.3,5
117,Controlled environment,4,0.5477225575051661,0.24494897427831777,0.3,5,2.6,0.13693063937629152,0.06123724356957944,0.01875,5,-0.35,0.13693063937629152,0.06123724356957944,0.01875,5,0.35,0.5477225575051661,0.24494897427831777,0.3,5
118,Controlled environment,4,1.51657508881031,0.6782329983125267,2.3,5,7.6,0.3791437722025775,0.16955824957813168,0.14375,5,0.9,0.3791437722025775,0.16955824957813168,0.14375,5,0.9,1.51657508881031,0.6782329983125267,2.3,5
119,Controlled environment,4,0.7436396977031282,0.3325657829663178,0.5529999999999999,5,3.66,0.18590992442578205,0.083141445741579445,0.034562499999999996,5,-0.085,0.14426538046253506,0.06451743950281968,0.020812499999999998,5,0.135,0.5770615218501403,0.25806975801127874,0.33299999999999996,5
120,Controlled environment,4,1.4832396974191326,0.6633249580710799,2.2,5,6.3,0.37080992435478316,0.16583123951776998,0.1375,5,0.575,0.37080992435478316,0.16583123951776998,0.1375,5,0.575,1.4832396974191326,0.6633249580710799,2.2,5
122,Controlled environment,4,0.5477225575051661,0.24494897427831777,0.3,5,4.4,0.13693063937629152,0.06123724356957944,0.01875,5,0.1,0.13693063937629152,0.06123724356957944,0.01875,5,0.1,0.5477225575051661,0.24494897427831777,0.3,5
123,Controlled environment,4,0.44721359549995793,0.19999999999999998,0.2,5,2.8,0.11180339887498948,0.049999999999999996,0.0125,5,-0.3,0.11180339887498948,0.049999999999999996,0.0125,5,0.3,0.44721359549995793,0.19999999999999998,0.2,5
124,Controlled environment,4,0.5477225575051661,0.24494897427831777,0.3,5,2.4,0.13693063937629152,0.06123724356957944,0.01875,5,-0.4,0.13693063937629152,0.06123724356957944,0.01875,5,0.4,0.5477225575051661,0.24494897427831777,0.3,5
125,Controlled environment,4,4.8270073544588685,2.1587033144922905,23.3,5,10.6,1.2067518386147171,0.5396758286230726,1.45625,5,1.65,1.2067518386147171,0.5396758286230726,1.45625,5,1.65,4.8270073544588685,2.1587033144922905,23.3,5
126,Controlled environment,4,1.0954451150103321,0.48989794855663554,1.2,5,5.8,0.27386127875258304,0.12247448713915889,0.075,5,0.45,0.27386127875258304,0.12247448713915889,0.075,5,0.45,1.0954451150103321,0.48989794855663554,1.2,5
127,Controlled environment,4,1.5968719422671311,0.714142842854285,2.55,5,4.9,0.3992179855667828,0.17853571071357124,0.159375,5,0.225,0.3010398644698074,0.1346291201783626,0.090625,5,0.325,1.2041594578792296,0.5385164807134504,1.45,5
128,Controlled environment,4,1.224744871391589,0.5477225575051661,1.5,5,5,0.30618621784789724,0.13693063937629152,0.09375,5,0.25,0.30618621784789724,0.13693063937629152,0.09375,5,0.25,1.224744871391589,0.5477225575051661,1.5,5
129,Controlled environment,4,0.5477225575051661,0.24494897427831777,0.3,5,6.4,0.13693063937629152,0.06123724356957944,0.01875,5,0.6,0.13693063937629152,0.06123724356957944,0.01875,5,0.6,0.5477225575051661,0.24494897427831777,0.3,5
130,Controlled environment,4,0.8366600265340756,0.3741657386773941,0.7,5,5.2,0.2091650066335189,0.09354143466934853,0.04375,5,0.3,0.2091650066335189,0.09354143466934853,0.04375,5,0.3,0.8366600265340756,0.3741657386773941,0.7,5
1,Unknown environment,5,1.9235384061671346,0.8602325267042626,3.7,5,3.8,0.3847076812334269,0.17204650534085253,0.14800000000000002,5,-0.24000000000000002,0.30331501776206204,0.13564659966250536,0.09200000000000001,5,0.32,1.51657508881031,0.6782329983125267,2.3,5
2,Unknown environment,5,0.8944271909999159,0.39999999999999997,0.8,5,2.6,0.17888543819998315,0.07999999999999999,0.031999999999999994,5,-0.48,0.17888543819998315,0.07999999999999999,0.031999999999999994,5,0.48,0.8944271909999159,0.39999999999999997,0.8,5
3,Unknown environment,5,0.14142135623730948,0.06324555320336757,0.01999999999999999,5,1,0.028284271247461926,0.012649110640673528,8.000000000000014e-4,5,-0.8,0.028284271247461926,0.012649110640673528,8.000000000000014e-4,5,0.8,0.14142135623730964,0.06324555320336764,0.020000000000000035,5
4,Unknown environment,5,1.3416407864998738,0.6,1.8,5,6.4,0.2683281572999748,0.12,0.072,5,0.28,0.2683281572999748,0.12,0.072,5,0.28,1.3416407864998738,0.6,1.8,5
6,Unknown environment,5,0.8366600265340756,0.3741657386773941,0.7,5,5.2,0.16733200530681513,0.07483314773547883,0.028000000000000004,5,0.04,0.10954451150103323,0.048989794855663564,0.012000000000000002,5,0.12000000000000001,0.5477225575051661,0.24494897427831777,0.3,5
9,Unknown environment,5,0.44721359549995793,0.19999999999999998,0.2,5,4.8,0.08944271909999159,0.04,0.008,5,-0.04,0.08944271909999159,0.04,0.008,5,0.04,0.44721359549995793,0.19999999999999998,0.2,5
10,Unknown environment,5,0.5477225575051661,0.24494897427831777,0.3,5,4.4,0.10954451150103323,0.048989794855663564,0.012000000000000002,5,-0.12000000000000001,0.10954451150103323,0.048989794855663564,0.012000000000000002,5,0.12000000000000001,0.5477225575051661,0.24494897427831777,0.3,5
11,Unknown environment,5,1.6733200530681511,0.7483314773547882,2.8,5,6.6,0.3346640106136302,0.14966629547095764,0.112,5,0.32,0.19999999999999998,0.08944271909999157,0.039999999999999994,5,0.4,1,0.44721359549995793,1,5
12,Unknown environment,5,1.140175425099138,0.5099019513592785,1.3,5,3.4,0.22803508501982758,0.10198039027185568,0.052,5,-0.32,0.22803508501982758,0.10198039027185568,0.052,5,0.32,1.140175425099138,0.5099019513592785,1.3,5
13,Unknown environment,5,2.3874672772626644,1.0677078252031311,5.7,5,11.2,0.47749345545253286,0.2135415650406262,0.22799999999999998,5,1.24,0.47749345545253286,0.2135415650406262,0.22799999999999998,5,1.24,2.3874672772626644,1.0677078252031311,5.7,5
14,Unknown environment,5,0.5477225575051661,0.24494897427831777,0.3,5,4.6,0.10954451150103323,0.048989794855663564,0.012000000000000002,5,-0.08,0.10954451150103323,0.048989794855663564,0.012000000000000002,5,0.08,0.5477225575051661,0.24494897427831777,0.3,5
15,Unknown environment,5,0.7071067811865476,0.31622776601683794,0.5,5,6,0.14142135623730953,0.0632455532033676,0.020000000000000004,5,0.2,0.14142135623730953,0.0632455532033676,0.020000000000000004,5,0.2,0.7071067811865476,0.31622776601683794,0.5,5
16,Unknown environment,5,1.3038404810405297,0.58309518948453,1.7,5,7.2,0.260768096208106,0.11661903789690602,0.068,5,0.44,0.260768096208106,0.11661903789690602,0.068,5,0.44,1.3038404810405297,0.58309518948453,1.7,5
18,Unknown environment,5,0.8366600265340756,0.3741657386773941,0.7,5,4.8,0.16733200530681513,0.07483314773547883,0.028000000000000004,5,-0.04,0.10954451150103323,0.048989794855663564,0.012000000000000002,5,0.12000000000000001,0.5477225575051661,0.24494897427831777,0.3,5
19,Unknown environment,5,1.7320508075688772,0.7745966692414833,3,5,10,0.3464101615137754,0.15491933384829665,0.11999999999999998,5,1,0.3464101615137754,0.15491933384829665,0.11999999999999998,5,1,1.7320508075688772,0.7745966692414833,3,5
20,Unknown environment,5,0.6519202405202649,0.291547594742265,0.425,5,3.1,0.13038404810405296,0.058309518948452994,0.016999999999999998,5,-0.38,0.13038404810405296,0.058309518948452994,0.016999999999999998,5,0.38,0.6519202405202649,0.291547594742265,0.425,5
21,Unknown environment,5,0.22360679774997896,0.09999999999999999,0.05,5,1.9,0.04472135954999579,0.019999999999999997,0.001999999999999999,5,-0.62,0.04472135954999579,0.019999999999999997,0.001999999999999999,5,0.62,0.22360679774997896,0.09999999999999999,0.05,5
22,Unknown environment,5,1.3038404810405297,0.58309518948453,1.7,5,7.2,0.260768096208106,0.11661903789690602,0.068,5,0.44,0.260768096208106,0.11661903789690602,0.068,5,0.44,1.3038404810405297,0.58309518948453,1.7,5
23,Unknown environment,5,1.7320508075688772,0.7745966692414833,3,5,8,0.34641016151377546,0.15491933384829668,0.12000000000000001,5,0.6,0.34641016151377546,0.15491933384829668,0.12000000000000001,5,0.6,1.7320508075688772,0.7745966692414833,3,5
24,Unknown environment,5,0.6519202405202649,0.291547594742265,0.425,5,3.6,0.130384048104053,0.05830951894845301,0.017,5,-0.28,0.130384048104053,0.05830951894845301,0.017,5,0.28,0.6519202405202649,0.291547594742265,0.425,5
25,Unknown environment,5,0.1341640786499874,0.06,0.018000000000000006,5,1.06,0.0268328157299975,0.012000000000000009,7.200000000000012e-4,5,-0.788,0.0268328157299975,0.012000000000000009,7.200000000000012e-4,5,0.788,0.1341640786499873,0.05999999999999996,0.017999999999999978,5
26,Unknown environment,5,0.8366600265340756,0.3741657386773941,0.7,5,5.2,0.16733200530681513,0.07483314773547883,0.028000000000000004,5,0.04,0.10954451150103323,0.048989794855663564,0.012000000000000002,5,0.12000000000000001,0.5477225575051661,0.24494897427831777,0.3,5
27,Unknown environment,5,0.5477225575051661,0.24494897427831777,0.3,5,1.9,0.1095445115010332,0.04898979485566355,0.011999999999999995,5,-0.62,0.1095445115010332,0.04898979485566355,0.011999999999999995,5,0.62,0.5477225575051661,0.24494897427831777,0.3,5
28,Unknown environment,5,0.8366600265340756,0.3741657386773941,0.7,5,3.8,0.16733200530681513,0.07483314773547883,0.028000000000000004,5,-0.24000000000000002,0.16733200530681513,0.07483314773547883,0.028000000000000004,5,0.24000000000000002,0.8366600265340756,0.3741657386773941,0.7,5
30,Unknown environment,5,2.079663434308542,0.9300537618869137,4.325,5,2.8,0.4159326868617084,0.18601075237738274,0.17300000000000001,5,-0.44,0.27748873851023215,0.12409673645990855,0.077,5,0.52,1.3874436925511608,0.6204836822995429,1.925,5
31,Unknown environment,5,1.6733200530681511,0.7483314773547882,2.8,5,6.4,0.3346640106136302,0.14966629547095764,0.11199999999999999,5,0.27999999999999997,0.21908902300206642,0.09797958971132711,0.047999999999999994,5,0.36,1.0954451150103321,0.48989794855663554,1.2,5
32,Unknown environment,5,0.5079370039680118,0.22715633383201095,0.258,5,1.46,0.10158740079360239,0.045431266766402204,0.010320000000000006,5,-0.708,0.10158740079360239,0.045431266766402204,0.010320000000000006,5,0.708,0.5079370039680118,0.22715633383201095,0.258,5
33,Unknown environment,5,1.6431676725154984,0.7348469228349535,2.7,5,5.8,0.3286335345030997,0.14696938456699069,0.10800000000000001,5,0.16,0.10954451150103323,0.048989794855663564,0.012000000000000002,5,0.32,0.5477225575051661,0.24494897427831777,0.3,5
34,Unknown environment,5,2.8809720581775866,1.2884098726725124,8.3,5,4.4,0.5761944116355173,0.2576819745345025,0.332,5,-0.12000000000000001,0.3286335345030997,0.14696938456699069,0.108,5,0.44,1.6431676725154984,0.7348469228349535,2.7,5
35,Unknown environment,5,1.3416407864998738,0.6,1.8,5,3.6,0.2683281572999748,0.12,0.072,5,-0.28,0.2683281572999748,0.12,0.072,5,0.28,1.3416407864998738,0.6,1.8,5
36,Unknown environment,5,0.9082951062292475,0.40620192023179796,0.825,5,3.2,0.18165902124584948,0.0812403840463596,0.032999999999999995,5,-0.36,0.18165902124584948,0.0812403840463596,0.032999999999999995,5,0.36,0.9082951062292475,0.40620192023179796,0.825,5
101,Controlled environment,5,0.44721359549995793,0.19999999999999998,0.2,5,4.2,0.08944271909999159,0.04,0.008,5,-0.16,0.08944271909999159,0.04,0.008,5,0.16,0.44721359549995793,0.19999999999999998,0.2,5
103,Controlled environment,5,0.39937451095431714,0.1786057109949175,0.15949999999999998,5,2.37,0.07987490219086342,0.035721142198983494,0.006379999999999998,5,-0.526,0.07987490219086342,0.035721142198983494,0.006379999999999998,5,0.526,0.39937451095431714,0.1786057109949175,0.15949999999999998,5
104,Controlled environment,5,1,0.44721359549995793,1,5,7,0.19999999999999998,0.08944271909999157,0.039999999999999994,5,0.4,0.19999999999999998,0.08944271909999157,0.039999999999999994,5,0.4,1,0.44721359549995793,1,5
105,Controlled environment,5,0.44721359549995793,0.19999999999999998,0.2,5,2.8,0.08944271909999157,0.039999999999999994,0.007999999999999997,5,-0.44,0.08944271909999157,0.039999999999999994,0.007999999999999997,5,0.44,0.44721359549995793,0.19999999999999998,0.2,5
106,Controlled environment,5,0.5477225575051661,0.24494897427831777,0.3,5,1.4,0.10954451150103325,0.04898979485566357,0.012000000000000007,5,-0.72,0.10954451150103325,0.04898979485566357,0.012000000000000007,5,0.72,0.5477225575051661,0.24494897427831777,0.3,5
107,Controlled environment,5,2.8809720581775866,1.2884098726725124,8.3,5,8.4,0.5761944116355173,0.2576819745345025,0.33199999999999996,5,0.6799999999999999,0.5761944116355173,0.2576819745345025,0.33199999999999996,5,0.6799999999999999,2.8809720581775866,1.2884098726725124,8.3,5
108,Controlled environment,5,0.7071067811865476,0.31622776601683794,0.5,5,6,0.14142135623730953,0.0632455532033676,0.020000000000000004,5,0.2,0.14142135623730953,0.0632455532033676,0.020000000000000004,5,0.2,0.7071067811865476,0.31622776601683794,0.5,5
109,Controlled environment,5,2.16794833886788,0.9695359714832658,4.7,5,8.2,0.433589667773576,0.19390719429665315,0.188,5,0.64,0.433589667773576,0.19390719429665315,0.188,5,0.64,2.16794833886788,0.9695359714832658,4.7,5
110,Controlled environment,5,1.224744871391589,0.5477225575051661,1.5,5,4,0.24494897427831783,0.10954451150103323,0.060000000000000005,5,-0.2,0.10954451150103323,0.048989794855663564,0.012000000000000002,5,0.28,0.5477225575051661,0.24494897427831777,0.3,5
111,Controlled environment,5,2,0.8944271909999159,4,5,5,0.4,0.17888543819998318,0.16,5,-1.1094098729957924e-17,0.17888543819998315,0.07999999999999999,0.031999999999999994,5,0.32,0.8944271909999159,0.39999999999999997,0.8,5
112,Controlled environment,5,1.2942179105544784,0.5787918451395112,1.675,5,5.6,0.2588435821108957,0.11575836902790225,0.067,5,0.12,0.1140175425099138,0.05099019513592785,0.013000000000000001,5,0.24000000000000002,0.570087712549569,0.25495097567963926,0.325,5
113,Controlled environment,5,0.5,0.22360679774997896,0.25,5,4.5,0.1,0.044721359549995794,0.010000000000000002,5,-0.1,0.1,0.044721359549995794,0.010000000000000002,5,0.1,0.5,0.22360679774997896,0.25,5
115,Controlled environment,5,1.6431676725154984,0.7348469228349535,2.7,5,7.8,0.3286335345030997,0.14696938456699069,0.108,5,0.56,0.3286335345030997,0.14696938456699069,0.108,5,0.56,1.6431676725154984,0.7348469228349535,2.7,5
116,Controlled environment,5,0.8366600265340756,0.3741657386773941,0.7,5,4.8,0.16733200530681513,0.07483314773547883,0.028000000000000004,5,-0.04,0.10954451150103323,0.048989794855663564,0.012000000000000002,5,0.12000000000000001,0.5477225575051661,0.24494897427831777,0.3,5
117,Controlled environment,5,0.8366600265340756,0.3741657386773941,0.7,5,3.2,0.1673320053068151,0.07483314773547882,0.027999999999999997,5,-0.36,0.1673320053068151,0.07483314773547882,0.027999999999999997,5,0.36,0.8366600265340756,0.3741657386773941,0.7,5
118,Controlled environment,5,0.8366600265340756,0.3741657386773941,0.7,5,7.8,0.1673320053068151,0.07483314773547882,0.028,5,0.56,0.1673320053068151,0.07483314773547882,0.028,5,0.56,0.8366600265340756,0.3741657386773941,0.7,5
119,Controlled environment,5,0.6708203932499369,0.3,0.45,5,3.7,0.1341640786499874,0.06,0.018000000000000002,5,-0.26,0.1341640786499874,0.06,0.018000000000000002,5,0.26,0.6708203932499369,0.3,0.45,5
120,Controlled environment,5,1,0.44721359549995793,1,5,5.5,0.2,0.08944271909999159,0.04,5,0.1,0.10954451150103323,0.048989794855663564,0.012,5,0.18,0.5477225575051661,0.24494897427831777,0.3,5
122,Controlled environment,5,0.8944271909999159,0.39999999999999997,0.8,5,4.6,0.17888543819998318,0.08,0.032,5,-0.08,0.08944271909999159,0.04,0.008,5,0.16,0.44721359549995793,0.19999999999999998,0.2,5
123,Controlled environment,5,0.8944271909999159,0.39999999999999997,0.8,5,2.6,0.17888543819998315,0.07999999999999999,0.031999999999999994,5,-0.48,0.17888543819998315,0.07999999999999999,0.031999999999999994,5,0.48,0.8944271909999159,0.39999999999999997,0.8,5
124,Controlled environment,5,0.44721359549995793,0.19999999999999998,0.2,5,2.2,0.08944271909999157,0.039999999999999994,0.007999999999999997,5,-0.5599999999999999,0.08944271909999157,0.039999999999999994,0.007999999999999997,5,0.5599999999999999,0.44721359549995793,0.19999999999999998,0.2,5
125,Controlled environment,5,3.5355339059327378,1.5811388300841895,12.5,5,10,0.7071067811865476,0.31622776601683794,0.5,5,1,0.7071067811865476,0.31622776601683794,0.5,5,1,3.5355339059327378,1.5811388300841895,12.5,5
126,Controlled environment,5,2.04939015319192,0.916515138991168,4.2,5,6.2,0.40987803063838396,0.1833030277982336,0.168,5,0.24,0.19999999999999998,0.08944271909999157,0.039999999999999994,5,0.4,1,0.44721359549995793,1,5
127,Controlled environment,5,1.02469507659596,0.458257569495584,1.05,5,4.1,0.20493901531919198,0.0916515138991168,0.042,5,-0.18000000000000002,0.20493901531919198,0.0916515138991168,0.042,5,0.18000000000000002,1.02469507659596,0.458257569495584,1.05,5
128,Controlled environment,5,1.0954451150103321,0.48989794855663554,1.2,5,4.8,0.21908902300206645,0.09797958971132713,0.04800000000000001,5,-0.04,0.17888543819998318,0.08,0.032,5,0.12000000000000001,0.8944271909999159,0.39999999999999997,0.8,5
129,Controlled environment,5,0.5477225575051661,0.24494897427831777,0.3,5,6.6,0.10954451150103323,0.048989794855663564,0.012000000000000002,5,0.32,0.10954451150103323,0.048989794855663564,0.012000000000000002,5,0.32,0.5477225575051661,0.24494897427831777,0.3,5
130,Controlled environment,5,0.7071067811865476,0.31622776601683794,0.5,5,5,0.14142135623730953,0.0632455532033676,0.020000000000000004,5,0,0.10954451150103323,0.048989794855663564,0.012000000000000002,5,0.08,0.5477225575051661,0.24494897427831777,0.3,5
1,Unknown environment,6,1.4832396974191326,0.6633249580710799,2.2,5,4.8,0.2472066162365221,0.11055415967851333,0.06111111111111111,5,-0.19999999999999998,0.14907119849998599,0.06666666666666667,0.022222222222222223,5,0.26666666666666666,0.8944271909999159,0.39999999999999997,0.8,5
2,Unknown environment,6,1.1510864433221337,0.51478150704935,1.325,5,2.7,0.19184774055368897,0.08579691784155834,0.03680555555555556,5,-0.55,0.19184774055368897,0.08579691784155834,0.03680555555555556,5,0.55,1.1510864433221337,0.51478150704935,1.325,5
3,Unknown environment,6,0.08944271909999157,0.039999999999999994,0.007999999999999997,5,1.04,0.014907119849998644,0.006666666666666687,2.2222222222222362e-4,5,-0.8266666666666667,0.014907119849998644,0.006666666666666687,2.2222222222222362e-4,5,0.8266666666666667,0.08944271909999167,0.040000000000000036,0.008000000000000014,5
4,Unknown environment,6,0,0,0,5,8,0,0,0,5,0.3333333333333333,0,0,0,5,0.3333333333333333,0,0,0,5
6,Unknown environment,6,0.8944271909999159,0.39999999999999997,0.8,5,6.6,0.14907119849998596,0.06666666666666665,0.02222222222222222,5,0.09999999999999999,0.14907119849998596,0.06666666666666665,0.02222222222222222,5,0.09999999999999999,0.8944271909999159,0.39999999999999997,0.8,5
9,Unknown environment,6,0,0,0,5,5,0,0,0,5,-0.16666666666666666,0,0,0,5,0.16666666666666666,0,0,0,5
10,Unknown environment,6,1,0.44721359549995793,1,5,6,0.16666666666666666,0.07453559924999298,0.027777777777777776,5,0,0.07453559924999298,0.033333333333333326,0.005555555555555555,5,0.13333333333333333,0.44721359549995793,0.19999999999999998,0.2,5
11,Unknown environment,6,1.6733200530681511,0.7483314773547882,2.8,5,7.6,0.27888667551135854,0.12472191289246472,0.07777777777777778,5,0.26666666666666666,0.16666666666666669,0.07453559924999299,0.02777777777777778,5,0.3333333333333333,1,0.44721359549995793,1,5
12,Unknown environment,6,1.3038404810405297,0.58309518948453,1.7,5,3.8,0.2173067468400883,0.097182531580755,0.04722222222222222,5,-0.36666666666666664,0.2173067468400883,0.097182531580755,0.04722222222222222,5,0.36666666666666664,1.3038404810405297,0.58309518948453,1.7,5
13,Unknown environment,6,2.23606797749979,1,5,5,10,0.372677996249965,0.16666666666666669,0.13888888888888892,5,0.6666666666666666,0.372677996249965,0.16666666666666669,0.13888888888888892,5,0.6666666666666666,2.23606797749979,1,5,5
14,Unknown environment,6,0.44721359549995793,0.19999999999999998,0.2,5,5.2,0.07453559924999298,0.033333333333333326,0.005555555555555555,5,-0.13333333333333333,0.07453559924999298,0.033333333333333326,0.005555555555555555,5,0.13333333333333333,0.44721359549995793,0.19999999999999998,0.2,5
15,Unknown environment,6,0.44721359549995793,0.19999999999999998,0.2,5,6.8,0.07453559924999298,0.033333333333333326,0.005555555555555555,5,0.13333333333333333,0.07453559924999298,0.033333333333333326,0.005555555555555555,5,0.13333333333333333,0.44721359549995793,0.19999999999999998,0.2,5
16,Unknown environment,6,1.3416407864998738,0.6,1.8,5,7.4,0.22360679774997896,0.09999999999999999,0.049999999999999996,5,0.23333333333333334,0.22360679774997896,0.09999999999999999,0.049999999999999996,5,0.23333333333333334,1.3416407864998738,0.6,1.8,5
18,Unknown environment,6,0.5477225575051661,0.24494897427831777,0.3,5,5.6,0.09128709291752768,0.0408248290463863,0.008333333333333333,5,-0.06666666666666667,0.09128709291752768,0.0408248290463863,0.008333333333333333,5,0.06666666666666667,0.5477225575051661,0.24494897427831777,0.3,5
19,Unknown environment,6,0.8944271909999159,0.39999999999999997,0.8,5,11.4,0.14907119849998599,0.06666666666666667,0.022222222222222227,5,0.9,0.14907119849998599,0.06666666666666667,0.022222222222222227,5,0.9,0.8944271909999159,0.39999999999999997,0.8,5
20,Unknown environment,6,0.4183300132670378,0.18708286933869706,0.175,5,3.6,0.06972166887783965,0.031180478223116186,0.004861111111111113,5,-0.4,0.06972166887783965,0.031180478223116186,0.004861111111111113,5,0.4,0.4183300132670378,0.18708286933869706,0.175,5
21,Unknown environment,6,0.27386127875258304,0.12247448713915889,0.075,5,2.2,0.045643546458763805,0.02041241452319313,0.00208333333333333,5,-0.6333333333333333,0.045643546458763805,0.02041241452319313,0.00208333333333333,5,0.6333333333333333,0.27386127875258304,0.12247448713915889,0.075,5
22,Unknown environment,6,1.7888543819998317,0.7999999999999999,3.2,5,6.8,0.2981423969999719,0.1333333333333333,0.08888888888888888,5,0.13333333333333333,0.14907119849998599,0.06666666666666667,0.022222222222222223,5,0.26666666666666666,0.8944271909999159,0.39999999999999997,0.8,5
23,Unknown environment,6,1.3038404810405297,0.58309518948453,1.7,5,8.2,0.2173067468400883,0.097182531580755,0.04722222222222222,5,0.36666666666666664,0.2173067468400883,0.097182531580755,0.04722222222222222,5,0.36666666666666664,1.3038404810405297,0.58309518948453,1.7,5
24,Unknown environment,6,1.140175425099138,0.5099019513592785,1.3,5,3.9,0.19002923751652298,0.08498365855987973,0.03611111111111111,5,-0.35,0.19002923751652298,0.08498365855987973,0.03611111111111111,5,0.35,1.140175425099138,0.5099019513592785,1.3,5
25,Unknown environment,6,0.27748873851023215,0.12409673645990855,0.077,5,1.18,0.046248123085038714,0.02068278940998477,0.0021388888888888907,5,-0.8033333333333333,0.046248123085038714,0.02068278940998477,0.0021388888888888907,5,0.8033333333333333,0.2774887385102322,0.12409673645990858,0.07700000000000001,5
26,Unknown environment,6,1.7888543819998317,0.7999999999999999,3.2,5,6.2,0.29814239699997197,0.13333333333333333,0.08888888888888889,5,0.03333333333333334,0.23570226039551584,0.10540925533894598,0.05555555555555555,5,0.16666666666666666,1.4142135623730951,0.6324555320336759,2,5
27,Unknown environment,6,0.4183300132670378,0.18708286933869706,0.175,5,2.1,0.06972166887783961,0.031180478223116165,0.004861111111111108,5,-0.65,0.06972166887783961,0.031180478223116165,0.004861111111111108,5,0.65,0.4183300132670378,0.18708286933869706,0.175,5
28,Unknown environment,6,0.7071067811865476,0.31622776601683794,0.5,5,5,0.11785113019775792,0.05270462766947299,0.013888888888888888,5,-0.16666666666666666,0.11785113019775792,0.05270462766947299,0.013888888888888888,5,0.16666666666666666,0.7071067811865476,0.31622776601683794,0.5,5
30,Unknown environment,6,1.8841443681416772,0.8426149773176358,3.55,5,4.1,0.3140240613569462,0.14043582955293932,0.09861111111111111,5,-0.31666666666666665,0.2006932429798716,0.08975274678557506,0.040277777777777773,5,0.3833333333333333,1.2041594578792296,0.5385164807134504,1.45,5
31,Unknown environment,6,2.280350850198276,1.019803902718557,5.2,5,7.2,0.38005847503304596,0.16996731711975946,0.14444444444444443,5,0.19999999999999998,0.23570226039551584,0.10540925533894598,0.05555555555555555,5,0.3333333333333333,1.4142135623730951,0.6324555320336759,2,5
32,Unknown environment,6,0.4393176527297759,0.196468827043885,0.193,5,1.56,0.07321960878829602,0.03274480450731418,0.005361111111111115,5,-0.74,0.07321960878829602,0.03274480450731418,0.005361111111111115,5,0.74,0.43931765272977596,0.19646882704388502,0.19300000000000003,5
33,Unknown environment,6,1.8708286933869707,0.8366600265340755,3.5,5,7,0.31180478223116176,0.13944333775567924,0.09722222222222221,5,0.16666666666666666,0.13944333775567927,0.06236095644623236,0.019444444444444445,5,0.3,0.8366600265340756,0.3741657386773941,0.7,5
34,Unknown environment,6,2.6076809620810595,1.16619037896906,6.8,5,5.4,0.4346134936801766,0.19436506316151,0.18888888888888888,5,-0.09999999999999999,0.2981423969999719,0.1333333333333333,0.08888888888888888,5,0.3,1.7888543819998317,0.7999999999999999,3.2,5
35,Unknown environment,6,1.140175425099138,0.5099019513592785,1.3,5,5.4,0.19002923751652298,0.08498365855987973,0.03611111111111111,5,-0.09999999999999999,0.11785113019775792,0.05270462766947299,0.013888888888888888,5,0.16666666666666666,0.7071067811865476,0.31622776601683794,0.5,5
36,Unknown environment,6,0.5477225575051661,0.24494897427831777,0.3,5,3.6,0.09128709291752769,0.040824829046386304,0.008333333333333335,5,-0.39999999999999997,0.09128709291752769,0.040824829046386304,0.008333333333333335,5,0.39999999999999997,0.5477225575051661,0.24494897427831777,0.3,5
101,Controlled environment,6,0.44721359549995793,0.19999999999999998,0.2,5,4.8,0.07453559924999298,0.033333333333333326,0.005555555555555555,5,-0.19999999999999998,0.07453559924999298,0.033333333333333326,0.005555555555555555,5,0.19999999999999998,0.44721359549995793,0.19999999999999998,0.2,5
103,Controlled environment,6,0.4159326868617084,0.18601075237738274,0.17300000000000001,5,2.64,0.0693221144769514,0.03100179206289712,0.004805555555555554,5,-0.5599999999999999,0.0693221144769514,0.03100179206289712,0.004805555555555554,5,0.5599999999999999,0.4159326868617084,0.18601075237738274,0.17300000000000001,5
104,Controlled environment,6,1.7888543819998317,0.7999999999999999,3.2,5,9.2,0.2981423969999719,0.1333333333333333,0.08888888888888888,5,0.5333333333333333,0.2981423969999719,0.1333333333333333,0.08888888888888888,5,0.5333333333333333,1.7888543819998317,0.7999999999999999,3.2,5
105,Controlled environment,6,0.5477225575051661,0.24494897427831777,0.3,5,2.6,0.09128709291752767,0.04082482904638629,0.00833333333333333,5,-0.5666666666666667,0.09128709291752767,0.04082482904638629,0.00833333333333333,5,0.5666666666666667,0.5477225575051661,0.24494897427831777,0.3,5
106,Controlled environment,6,0,0,0,5,2,0,0,0,5,-0.6666666666666666,0,0,0,5,0.6666666666666666,0,0,0,5
107,Controlled environment,6,2.4899799195977463,1.1135528725660042,6.2,5,9.8,0.41499665326629104,0.18559214542766736,0.1722222222222222,5,0.6333333333333333,0.41499665326629104,0.18559214542766736,0.1722222222222222,5,0.6333333333333333,2.4899799195977463,1.1135528725660042,6.2,5
108,Controlled environment,6,0.7071067811865476,0.31622776601683794,0.5,5,7,0.11785113019775792,0.05270462766947299,0.013888888888888888,5,0.16666666666666666,0.11785113019775792,0.05270462766947299,0.013888888888888888,5,0.16666666666666666,0.7071067811865476,0.31622776601683794,0.5,5
109,Controlled environment,6,2.4083189157584592,1.0770329614269007,5.8,5,9.4,0.4013864859597432,0.17950549357115012,0.16111111111111112,5,0.5666666666666667,0.4013864859597432,0.17950549357115012,0.16111111111111112,5,0.5666666666666667,2.4083189157584592,1.0770329614269007,5.8,5
110,Controlled environment,6,2.3021728866442674,1.0295630140987,5.3,5,5.9,0.3836954811073779,0.17159383568311665,0.1472222222222222,5,-0.01666666666666667,0.21730674684008827,0.09718253158075499,0.047222222222222214,5,0.2833333333333333,1.3038404810405297,0.58309518948453,1.7,5
111,Controlled environment,6,2.5495097567963922,1.1401754250991378,6.5,5,7,0.42491829279939874,0.19002923751652298,0.18055555555555555,5,0.16666666666666666,0.2173067468400883,0.097182531580755,0.04722222222222222,5,0.36666666666666664,1.3038404810405297,0.58309518948453,1.7,5
112,Controlled environment,6,0.8215838362577492,0.3674234614174767,0.675,5,5.6,0.13693063937629152,0.06123724356957944,0.01875,5,-0.06666666666666667,0.10865337342004415,0.0485912657903775,0.011805555555555555,5,0.09999999999999999,0.6519202405202649,0.291547594742265,0.425,5
113,Controlled environment,6,0.4183300132670378,0.18708286933869706,0.175,5,4.6,0.06972166887783963,0.03118047822311618,0.004861111111111111,5,-0.23333333333333334,0.06972166887783963,0.03118047822311618,0.004861111111111111,5,0.23333333333333334,0.4183300132670378,0.18708286933869706,0.175,5
115,Controlled environment,6,0.5477225575051661,0.24494897427831777,0.3,5,9.4,0.09128709291752767,0.04082482904638629,0.00833333333333333,5,0.5666666666666667,0.09128709291752767,0.04082482904638629,0.00833333333333333,5,0.5666666666666667,0.5477225575051661,0.24494897427831777,0.3,5
116,Controlled environment,6,0.8944271909999159,0.39999999999999997,0.8,5,6.4,0.14907119849998596,0.06666666666666665,0.02222222222222222,5,0.06666666666666667,0.07453559924999298,0.033333333333333326,0.005555555555555555,5,0.13333333333333333,0.44721359549995793,0.19999999999999998,0.2,5
117,Controlled environment,6,0.8366600265340756,0.3741657386773941,0.7,5,4.2,0.13944333775567927,0.06236095644623236,0.019444444444444445,5,-0.3,0.13944333775567927,0.06236095644623236,0.019444444444444445,5,0.3,0.8366600265340756,0.3741657386773941,0.7,5
118,Controlled environment,6,1.51657508881031,0.6782329983125267,2.3,5,8.6,0.25276251480171835,0.1130388330520878,0.06388888888888888,5,0.4333333333333333,0.25276251480171835,0.1130388330520878,0.06388888888888888,5,0.4333333333333333,1.51657508881031,0.6782329983125267,2.3,5
119,Controlled environment,6,1.1013627921806692,0.49254441424099005,1.213,5,3.76,0.1835604653634449,0.08209073570683167,0.03369444444444445,5,-0.37333333333333335,0.1835604653634449,0.08209073570683167,0.03369444444444445,5,0.37333333333333335,1.1013627921806692,0.49254441424099005,1.213,5
120,Controlled environment,6,1.140175425099138,0.5099019513592785,1.3,5,6.6,0.19002923751652298,0.08498365855987973,0.03611111111111111,5,0.09999999999999999,0.11785113019775792,0.05270462766947299,0.013888888888888888,5,0.16666666666666666,0.7071067811865476,0.31622776601683794,0.5,5
122,Controlled environment,6,0.8366600265340756,0.3741657386773941,0.7,5,5.8,0.13944333775567924,0.062360956446232345,0.01944444444444444,5,-0.03333333333333333,0.09128709291752768,0.0408248290463863,0.008333333333333333,5,0.09999999999999999,0.5477225575051661,0.24494897427831777,0.3,5
123,Controlled environment,6,0.44721359549995793,0.19999999999999998,0.2,5,3.2,0.07453559924999299,0.03333333333333333,0.005555555555555557,5,-0.4666666666666667,0.07453559924999299,0.03333333333333333,0.005555555555555557,5,0.4666666666666667,0.44721359549995793,0.19999999999999998,0.2,5
124,Controlled environment,6,0.5477225575051661,0.24494897427831777,0.3,5,2.6,0.09128709291752767,0.04082482904638629,0.00833333333333333,5,-0.5666666666666667,0.09128709291752767,0.04082482904638629,0.00833333333333333,5,0.5666666666666667,0.5477225575051661,0.24494897427831777,0.3,5
125,Controlled environment,6,6.058052492344384,2.7092434368288134,36.7,5,12.8,1.0096754153907308,0.45154057280480225,1.0194444444444446,5,1.1333333333333333,0.7870479302078397,0.35197853469904794,0.6194444444444446,5,1.2666666666666666,4.722287581247038,2.1118712081942874,22.3,5
126,Controlled environment,6,1.9235384061671346,0.8602325267042626,3.7,5,9.2,0.3205897343611891,0.14337208778404378,0.10277777777777777,5,0.5333333333333333,0.3205897343611891,0.14337208778404378,0.10277777777777777,5,0.5333333333333333,1.9235384061671346,0.8602325267042626,3.7,5
127,Controlled environment,6,1.224744871391589,0.5477225575051661,1.5,5,6,0.2041241452319315,0.09128709291752768,0.041666666666666664,5,0,0.13944333775567924,0.062360956446232345,0.01944444444444444,5,0.13333333333333333,0.8366600265340756,0.3741657386773941,0.7,5
128,Controlled environment,6,1.8708286933869707,0.8366600265340755,3.5,5,6,0.31180478223116176,0.13944333775567924,0.09722222222222221,5,0,0.09128709291752768,0.0408248290463863,0.008333333333333333,5,0.26666666666666666,0.5477225575051661,0.24494897427831777,0.3,5
129,Controlled environment,6,1.224744871391589,0.5477225575051661,1.5,5,7,0.2041241452319315,0.09128709291752768,0.041666666666666664,5,0.16666666666666666,0.09128709291752768,0.0408248290463863,0.008333333333333333,5,0.2333333333333333,0.5477225575051661,0.24494897427831777,0.3,5
130,Controlled environment,6,0.8366600265340756,0.3741657386773941,0.7,5,6.2,0.13944333775567924,0.062360956446232345,0.01944444444444444,5,0.03333333333333333,0.09128709291752768,0.0408248290463863,0.008333333333333333,5,0.09999999999999999,0.5477225575051661,0.24494897427831777,0.3,5
