"Marca temporal","Nombre y Apellido:","DNI:","Email:","Edad:","Género:","¿Presenta algún problema de audición diagnosticado?","En caso de haber respondido afirmativamente la pregunta anterior, ¿Qué problema de audición presenta?","¿Estudió música?  ","En caso de haber respondido afirmativamente la pregunta anterior, ¿Cuántos años de formación tuvo?","¿A qué tipología corresponde el tipo de auriculares utilizados para realizar el experimento? ","Si conoce la marca y modelo de los auriculares, por favor indíquelo:","Por favor, cliquee en el link a continuación, resaltado en azul, para iniciar el experimento:
Experimento Percepción Distancia 
(Dentro de éste, complete la casilla de ""Participant"" con su apellido y cliquee ""Ok"" para comenzar. Una vez termine, por favor asegúrese de enviar este formulario):"
"2022/10/21 9:37:22 p. m. GMT-3","Agata Blanco","36085738","agata.blanco@hotmail.com","30","Mujer","No","-","Si","1","Circumaurales (cubren la totalidad de la oreja)","Auriculares Inalámbricos Logitech G Series G533",""
"2022/10/23 11:38:15 p. m. GMT-3","Rodrigo Rua","34018789","rodrigorua88@hotmail.com","34","Hombre","No","","No","","Circumaurales (cubren la totalidad de la oreja)","Audio Technica mod ATHM20x","ok"
"2022/10/24 5:29:28 p. m. GMT-3","Sabrina Ayala","37560982","snayala55@gmail.com","29","Mujer","No","","No","","Intraurales (se introducen en el canal auditivo)","Samsung (viene con el teléfono Samsung A31)",""
"2022/10/25 6:41:51 p. m. GMT-3","Pablo Rodriguez","31828196","pablorodri11@gmail.com","37","Hombre","No","","No","","Circumaurales (cubren la totalidad de la oreja)","GameMax Auricular microfono Gamer RGB LED HG3500 PRO USB 7.1",""
"2022/10/29 6:58:23 p. m. GMT-3","Luis Baigorria","7810293","luimbard@gmail.com","80","Hombre","Si","Tengo perforado el tímpano del oído izquierdo","Si","4 años de piano (teoría y solfeo, en mi época)","Circumaurales (cubren la totalidad de la oreja)","PHILIPS TAUH202","BAIGORRIA"
"2022/10/30 12:48:46 a. m. GMT-3","Rocío Ayala","42947064","r.eli3110@gmail.com","22","Mujer","No","","Si","Hace 7 años (3 de forma particular y 4 por el momento en un conservatorio)","Circumaurales (cubren la totalidad de la oreja)","Philips",""
"2022/10/31 5:45:35 p. m. GMT-3","Nicolás Ezequiel Patiño ","34700080","nicolasezequielpb@gmail.com","33","Hombre","No","Problemas mentales ","No","","Circumaurales (cubren la totalidad de la oreja)","Scarlett HP60","Simona la cacariza"
"2022/10/31 7:28:04 p. m. GMT-3","Miguel Vergara","6143981","vergarama25@gmail.com","75 anos","Hombre","No","","No","","Supraurales (cubren la mayor parte de la oreja, pero no toda)","Logi",""
"2022/10/31 7:49:26 p. m. GMT-3","Nora Ferrari","10366321","noraferrari16@gmail.com","71 anos","Mujer","No","","No","","Supraurales (cubren la mayor parte de la oreja, pero no toda)","logi",""
"2022/10/31 8:10:27 p. m. GMT-3","Cristobal Vergara.","50714591","2010crisvergara@gmail.com","12","Hombre","No","","Si","12 meses","Supraurales (cubren la mayor parte de la oreja, pero no toda)","logi",""
"2022/11/01 6:25:24 p. m. GMT-3","felix davenport","45298404","felixdaven@gmail.com","19","Hombre","No","","Si","3","Abiertos (con rejilla u orificios para que el sonido entre y salga)","AKG K52",""
"2022/11/06 10:37:07 a. m. GMT-3","Patricio Bertato","33300231","patobertato@gmail.com","35","Hombre","Si","Tinitus ","Si","4 años","Supraurales (cubren la mayor parte de la oreja, pero no toda)","SRH 145 Shure",""
"2022/11/07 1:44:43 a. m. GMT-3","Elías Sergiotti","42949115","sergiottielias@gmail.com","22","Hombre","No","","No","","Intraurales (se introducen en el canal auditivo)","Samsung ",""
"2022/11/07 3:34:08 p. m. GMT-3","Aira valentina ","44146346","valenaira233@gmail.com","20","Mujer","No","","No","","Intraurales (se introducen en el canal auditivo)","","Aira"
"2022/11/07 3:50:05 p. m. GMT-3","Camila Dordoni Aller","40829311","camila.dordoni@gmail.com","24","Mujer","No","","No","","Supraurales (cubren la mayor parte de la oreja, pero no toda)","Genius HS-220U",""
"2022/11/07 4:39:25 p. m. GMT-3","Catalina Cepernic","39204609","catacepernic@gmail.com","26","Mujer","No","","Si","12","Intraurales (se introducen en el canal auditivo)","Samsung",""
"2022/11/07 4:45:13 p. m. GMT-3","Giselle Salmun","17824431","gisyfarrace@gmail.com","56","Mujer","No","","No","","Intraurales (se introducen en el canal auditivo)","",""
"2022/11/07 5:13:48 p. m. GMT-3","Isis Terraza","19090679","terrazaisis@gmail.com","24","Mujer","No","","No","","Supraurales (cubren la mayor parte de la oreja, pero no toda)","Logitech","001"
"2022/11/07 5:52:10 p. m. GMT-3","Paula Piceda","26183064","paulapiceda@hotmail.com","44","Mujer","No","","No","","Circumaurales (cubren la totalidad de la oreja)","Noga","Quiero escuchar el tema musical completo :)"
"2022/11/07 7:44:24 p. m. GMT-3","Sheila Garade","35506034","sheila.garade@gmail.com","31","Mujer","No","","No","","Intraurales (se introducen en el canal auditivo)","JBL JBLENDURRUNBLK",""
"2022/11/07 7:51:35 p. m. GMT-3","Dora sbarbati","13096083","dora17sbarbati@gmail.com","64","Mujer","No","","No","","Intraurales (se introducen en el canal auditivo)","","Ok"
"2022/11/07 11:54:10 p. m. GMT-3","Liliana Danalve ","21584551","lilidanalve70@gmail.com ","52","Mujer","No","","No","","Intraurales (se introducen en el canal auditivo)","",""
"2022/11/08 1:06:21 a. m. GMT-3","Martin Guzman","35385490","martinguzmanv@gmail.com","32","Hombre","No","","No","","Intraurales (se introducen en el canal auditivo)","Airpods cable",""
"2022/11/08 11:26:46 a. m. GMT-3","Joaquin Coco","42924932","joa_coco@hotmail.com.ar","22","Hombre","No","","No","","Intraurales (se introducen en el canal auditivo)","Xiaomi redmi ",""
"2022/11/08 11:16:25 p. m. GMT-3","santiago spadaro","33794143","tyranaelranger@gmail.com","34","Hombre","No","ninguno","No","","Supraurales (cubren la mayor parte de la oreja, pero no toda)","genius HS-03U","realizado"
"2022/11/08 11:24:36 p. m. GMT-3","María Victoria Coletto","30291565","colettomv@gmail.com","39","Mujer","No","","No","","Circumaurales (cubren la totalidad de la oreja)","Sennheiser exactos como los de la primer foto",""
"2022/11/09 10:48:44 a. m. GMT-3","Guadalupe Cascallares","33788605","mgcascallares@gmail.com","34","","No","","No","","Circumaurales (cubren la totalidad de la oreja)","Motorola Pulse Escape",""
"2022/11/09 2:12:37 p. m. GMT-3","Mateo Narvaez Zamora","95552060","cuentasloogo@gmail.com","29","Hombre","No","","Si","2 años","Intraurales (se introducen en el canal auditivo)","liners shure",""
"2022/11/10 11:30:47 a. m. GMT-3","Maíl Galo","39672191","galomail25@gmail.com","26","Hombre","No","","No","","Intraurales (se introducen en el canal auditivo)","Jbl",""
"2022/11/10 12:58:13 p. m. GMT-3","belen biniez","33486022","belenbiniez@gmail.com","35","Mujer","No","","No","","Intraurales (se introducen en el canal auditivo)","","BINIEZ"
"2022/11/10 7:42:12 p. m. GMT-3","Aldana Calabrese","35275944","aldana.calabrese@mi.unc.edu.ar ","32","Mujer","No","","No","","Intraurales (se introducen en el canal auditivo)","Motorola",""
"2022/11/14 11:17:55 a. m. GMT-3","SANTIAGO LIONEL DUBINI","40246007","santi_dubini@hotmail.com","25","Hombre","No","","No","","Intraurales (se introducen en el canal auditivo)","Auriculares Xiaomi Mi Earbuds Basic 2 Bhr4272gl Bluetooth",""
"2022/11/25 12:12:58 a. m. GMT-3","Juan Camilo Patiño","C.C. 1005964750","jcpatinog@gmail.com","22","Hombre","No","","No","","Intraurales (se introducen en el canal auditivo)","MINISO",""
"2022/11/25 7:00:12 p. m. GMT-3","Orion Lopez","96008913","lopez68620@estudiantes.untref.edu.ar","22","Otro","No","","No","","Intraurales (se introducen en el canal auditivo)","","Me olvide de poner mi apellido, lo más probable es que el que esté en blanco sea el mío"
"2022/11/26 11:51:05 a. m. GMT-3","Irene Bond","31642872","irepela@gmail.com","37","Mujer","No","","No","","Intraurales (se introducen en el canal auditivo)","Apple",""
"2022/11/28 9:03:32 a. m. GMT-3","Carlos Lescano","31550795","lescano66243@estudiantes.untref.edu.ar","37","Hombre","No","","No","","Circumaurales (cubren la totalidad de la oreja)","Sennheiser HD202",""
"2022/11/29 3:02:31 p. m. GMT-3","Paloma Gonzalez","41318518","gonzalezpaloma1998@gmail.com","24","Mujer","No","","No","","Circumaurales (cubren la totalidad de la oreja)","JBL T500","ok"
"2023/01/16 7:31:53 p. m. GMT-3","Seba","0000000000","seba@anonimo.com","35","Hombre","No","","No","","Circumaurales (cubren la totalidad de la oreja)","Sony (linea económica)","ok"
"2023/02/08 9:36:16 p. m. GMT-3","Lucia Curto","34560501","curtolucia@gmail.com","33","Mujer","No","","No","","Intraurales (se introducen en el canal auditivo)","Motorola Earbuds",""
"2023/02/08 9:56:01 p. m. GMT-3","Marcos Tonelli","33422820","marcosdt@hotmail.com","35","Hombre","No","","Si","4","Supraurales (cubren la mayor parte de la oreja, pero no toda)","Energy Sistem",""
"2023/02/09 5:12:29 p. m. GMT-3","Corina de la Peña","38601851","corinaddlp@gmail.com","28","Otro","No","","No","","Circumaurales (cubren la totalidad de la oreja)","Phillips",""
"2023/02/12 11:12:15 p. m. GMT-3","Pablo Torres","41706600","pablotorres700@gmail.com","39","Hombre","No","","Si","6","Circumaurales (cubren la totalidad de la oreja)","Audio Technica ATH-M20",""
"2023/03/07 6:12:08 p. m. GMT-3","JAVIER CERVIÑO","35359929","ce_javierr@hotmail.com","32","Hombre","No","","Si","23","Intraurales (se introducen en el canal auditivo)","SAMSUNG",""
"2023/05/06 2:01:03 p. m. GMT-3","Carina Gomez","24206510","s251geocargomez@gmail.com","48","Mujer","No","","No","terciario","Intraurales (se introducen en el canal auditivo)","Samsung",""
"2023/05/31 8:45:06 p. m. GMT-3","Kevin Abaca","41737534","abacabrandan@hotmail.com","24","Hombre","No","","Si","2","Circumaurales (cubren la totalidad de la oreja)","HÜGEL ",""
"2023/06/02 9:10:44 p. m. GMT-3","Franco Medina","43016032","franco.medina1302@gmail.com","22","Hombre","No","","No","","Circumaurales (cubren la totalidad de la oreja)","Samson",""
"2023/06/27 3:53:40 p. m. GMT-3","Lucas Gonzalez","38533966","lucas.ezgonzalez@gmail.com","28","Hombre","No","","Si","10","Circumaurales (cubren la totalidad de la oreja)","Tascam th-05",""
"2023/06/27 5:47:44 p. m. GMT-3","Esteban Kowaljow","25300834","ekowaljow@gmail.com","47","Hombre","No","","No","","Circumaurales (cubren la totalidad de la oreja)","Kanji",""
"2023/06/27 10:44:03 p. m. GMT-3","Eugenia Ferrero","26181699","eugenia_ferrero@hotmail.com","45","Mujer","Si","disminución auditiva por infección","No","","Intraurales (se introducen en el canal auditivo)","Baseus Encok W04 Pro","Ferrero"
"2023/11/22 3:57:34 p. m. GMT-3","walter ogando","27285307","waterarielogando@gmail.com","44","Hombre","No","","No","","Supraurales (cubren la mayor parte de la oreja, pero no toda)","maxell",""
"2024/11/12 12:05:09 p. m. GMT-3","Oriana Gauna","46270449","origauna1016@gmail.com","19","Mujer","No","","Si","5 años ","Circumaurales (cubren la totalidad de la oreja)","JBL",""
"2024/11/12 12:13:54 p. m. GMT-3","Ivo Cazal","43815826","cazal.ivo@gmail.com ","22","Hombre","No","","Si","1 año","Supraurales (cubren la mayor parte de la oreja, pero no toda)","Panasonic",""
"2024/11/12 9:27:15 p. m. GMT-3","Marcos De Zan Marchesani","48.107.237","marcosdezan58@gmail.com","18","Hombre","No","","Si","1 año (trayectoria universitaria en progreso)","Circumaurales (cubren la totalidad de la oreja)","T-Dagger Sona T-RGH304","Mucha Suerte"
"2024/11/13 12:54:27 a. m. GMT-3","Bogado Martín","44816728","martinbogado110@gmail.com","21","Hombre","No","","Si","6 años","Supraurales (cubren la mayor parte de la oreja, pero no toda)","","oke"
"2024/11/13 4:38:13 p. m. GMT-3","Fernando Nowik","47309906","fernandonowik@gmail.com","18 años","Hombre","No","","No","","Intraurales (se introducen en el canal auditivo)","Auriculares inalambricos (genéricos)modelo A6S","Experimento completado."
"2024/11/14 12:49:28 a. m. GMT-3","Julián Vernengo","46440066","julianvernengo72@gmail.com","19","Hombre","No","","No","","Circumaurales (cubren la totalidad de la oreja)","Hyperex Cloud Stringer-S",""
"2024/11/14 5:12:17 a. m. GMT-3","Lucas Gonzalez","38533966","lucas.ezgonzalez@gmail.com","30","Hombre","No","","Si","8","Circumaurales (cubren la totalidad de la oreja)","Bose QC45","Hecho!"
"2024/11/14 2:36:16 p. m. GMT-3","Lorenzo Kielmasz","46936547","lorenzokielmasz@gmail.com","19","Hombre","No","","Si","2","Circumaurales (cubren la totalidad de la oreja)","Noga ",""
"2024/11/14 2:51:58 p. m. GMT-3","Leandro Miquet","31763008","","39","Hombre","No","","Si","5","Circumaurales (cubren la totalidad de la oreja)","Audio Technica M30X",""
"2024/11/14 4:55:30 p. m. GMT-3","Ivan Rivelli ","27074872","rivellipivan@gmail.com","45","Hombre","No","","Si","2","Circumaurales (cubren la totalidad de la oreja)","Sennheiser HD 280","recien me doy cuenta que no lo puse mi apellido"
"2024/11/15 8:54:25 p. m. GMT-3","Enzo Ariel Holgado Oviedo","44091973","enzoholgado@protonmail.com","22","Hombre","No","","Si","1 año y contando","Circumaurales (cubren la totalidad de la oreja)","Reddragon Themis H220N","👍"
"2024/11/17 10:07:17 p. m. GMT-3","Lucas Samuel Ponce Martí","46124207","lucas0709jd@gmail.com","20","Hombre","Si","Tapado parcial de la trompa de Eustaquio por tabique desviado. (Un oido funciona mejor que el otro).","Si","Menos de uno.","Circumaurales (cubren la totalidad de la oreja)","Trust Carus GXT 322W",""
"2024/11/24 4:56:56 p. m. GMT-3","Rocco Alvarez","51706369","conversewithrocco@gmail.com","21","Otro","No","","Si","2 años","Circumaurales (cubren la totalidad de la oreja)","ath-m30x",""
"2024/11/25 4:46:44 p. m. GMT-3","Natalia Scuzarello","23424982","nscuzarello@gmail.com","50","Mujer","No","","No","","Intraurales (se introducen en el canal auditivo)","samsung AKG",""
"2024/11/26 2:29:38 a. m. GMT-3","Ailin Otal","40853732","ailin.otal@gmail.com","26","Mujer","No","","","","Intraurales (se introducen en el canal auditivo)","Sony MDR-E9LP",""
"2024/11/26 7:57:10 a. m. GMT-3","Sebastián Santiago, Ibañez Simonetti","39645638","sebinetti96@gmail.com","28","Hombre","No","","Si","Tuve 3 años de formación músical.","Intraurales (se introducen en el canal auditivo)","samnsung ","Hola, me gustaría recibir información acerca de la investigación. Saludos!"
"2024/11/27 3:29:43 p. m. GMT-3","Luca Cardozo","47256506","cardozolucamatias1@gmail.com","18","Hombre","No","","No","","Circumaurales (cubren la totalidad de la oreja)","noblex hp350bt",""
"2024/11/27 10:32:51 p. m. GMT-3","Mateo Kienitz","47064701","kienitzmateo,bqm2a@gmail.com","18","Hombre","No","","Si","menos de 1","Circumaurales (cubren la totalidad de la oreja)","hyperx cloud I",""
"2024/12/04 10:35:21 a. m. GMT-3","camila mendez","44545713","mendezcamila2612@gmail.com","21","Mujer","No","","Si","mas de tres años","Circumaurales (cubren la totalidad de la oreja)","audiothenica m40","okey"
"2024/12/04 1:51:50 p. m. GMT-3","Ignacio Torres","47.083.726","ignacionahuelt23@gmail.com","8","Hombre","No","","","","Circumaurales (cubren la totalidad de la oreja)","Noga","hecho"
"2024/12/06 12:41:05 a. m. GMT-3","Abril Paz","43903929","abrilcarolinapaz15@gmail.com","21","Mujer","No","","Si","5 años","Intraurales (se introducen en el canal auditivo)","","realice el experimento"
"2024/12/11 11:44:21 p. m. GMT-3","Nayra granero ","46278511","Nayragranero4@gmail.com","20","Mujer","No","","No","","Circumaurales (cubren la totalidad de la oreja)","","ok"
"2025/09/24 9:44:59 p. m. GMT-3","Giuliana CAstro","40228259","castromgiuliana@gmail.com","28","Mujer","No","","No","","Intraurales (se introducen en el canal auditivo)","QCY Auriculares T13X ENC Bluetooth 5.3 IPX5",""
"2025/10/06 2:30:53 p. m. GMT-3","Juan Ignacio Iroume","31695482","ignacio.giskard@gmail.com","40","Hombre","No","","No","","Supraurales (cubren la mayor parte de la oreja, pero no toda)","Sennheiser Hd25","Iroume"
"2025/10/09 1:25:38 p. m. GMT-3","Gaston Ferrero","42942887","gastiferrero1@gmail.com","25","Hombre","No","","No","","Circumaurales (cubren la totalidad de la oreja)","iSound BT-2600",""
"2025/10/14 2:22:11 p. m. GMT-3","Monzon Victoria ","47684262","vicunit4@gmail.com","18","Mujer","No","","No","","Intraurales (se introducen en el canal auditivo)","samsung",""
"2025/10/14 8:44:03 p. m. GMT-3","Alejo Ybañez","42961905","alo3011@gmail.com","24","Hombre","No","","No","","Supraurales (cubren la mayor parte de la oreja, pero no toda)","JBL 520bt",""
"2025/10/14 9:24:56 p. m. GMT-3","Patricio Gonzalez Morel","44885874","patogmorel@gmail.com","22","Hombre","No","","Si","Estoy estudiando, llevo 3 años de formación","Circumaurales (cubren la totalidad de la oreja)","AUDIO-TECHNICA ATH-M40X",""
"2025/10/15 12:07:19 a. m. GMT-3","Agostina Sena","44054629","agostina.sena@gmail.com","23","Mujer","No","","No","","Intraurales (se introducen en el canal auditivo)","earbuds - apple",""
"2025/10/23 10:01:44 a. m. GMT-3","David Santiago Romero Cifuentes","96223073","san122328m@gmail.com","22","Hombre","No","","No","","Supraurales (cubren la mayor parte de la oreja, pero no toda)","","ok"
"2025/11/05 6:05:15 p. m. GMT-3","David Romero","96223073","san122328m@gmail.com","22","Hombre","No","","No","","Circumaurales (cubren la totalidad de la oreja)","shure","ok"
"2025/11/12 10:59:22 p. m. GMT-3","Juan Ignacio Merlo","47028953","juanignamerlo@gmail.com","19","Hombre","No","","No","","Circumaurales (cubren la totalidad de la oreja)","Redragon SCYLLA H901",""
"2025/11/13 3:23:20 p. m. GMT-3","maria luisa caceres ","46282046","ca.marilu27@gmail.com","20","Mujer","No","","Si","1 año ","Circumaurales (cubren la totalidad de la oreja)","havit gamenote h2230d ",""
"2025/11/13 11:58:29 p. m. GMT-3","david santiago romero cifuentes","96223073","san122328m@gmail","22","Hombre","No","","No","","Circumaurales (cubren la totalidad de la oreja)","shure 840","ok"
"2025/11/14 12:48:30 p. m. GMT-3","Joaquin Gomez","45826455","joaquin4378gomez.nan.a15@gmail.com","20","Hombre","No","","Si","1","Circumaurales (cubren la totalidad de la oreja)","Corsair Void Pro",""
"2025/11/18 10:45:34 p. m. GMT-3","Florinez Maria","47234809","seomiyeonyeon@gmail.com","19","Mujer","No","","No","","Intraurales (se introducen en el canal auditivo)","Auriculares in-ear bluetooth f9",""
"2025/11/22 7:39:52 p. m. GMT-3","Laura Ige","31617772","lau.ige@gmail.com","40","Mujer","No","","Si","7","Circumaurales (cubren la totalidad de la oreja)","Beyerdynamic DT 1990 pro",""
"2025/11/22 7:50:53 p. m. GMT-3","Silvia Ines Vives","28671241","silvia.vives@bue.edu.ar","43","Mujer","No","","Si","6 universitarios","Circumaurales (cubren la totalidad de la oreja)","Roland RH5",""
"2025/11/26 12:53:14 a. m. GMT-3","Marcos Soria","37280981","creator.-@hotmail.com","32","Hombre","No","","No","","Supraurales (cubren la mayor parte de la oreja, pero no toda)","Sennheiser HD 25",""