﻿participant,session,date,expName,psychopyVersion,OS,frameRate,key_resp.keys,key_resp.rt,key_resp_4.keys,key_resp_4.rt,key_resp_5.keys,key_resp_5.rt,key_resp_2.keys,key_resp_2.rt,typedWord,trials_2.thisRepN,trials_2.thisTrialN,trials_2.thisN,trials_2.thisIndex,trials_2.ran,soundEstimulus,key_resp_3.keys,key_resp_3.rt,trials.thisRepN,trials.thisTrialN,trials.thisN,trials.thisIndex,trials.ran
Bertato,001,2022-11-06_10h29.42.220,audio-text-input,2022.2.2,Win32,61.45526057,,,,,,,,,,,,,,,,,,,,,,
Bertato,001,2022-11-06_10h29.42.220,audio-text-input,2022.2.2,Win32,61.45526057,return,29.1407,,,,,,,,,,,,,,,,,,,,
Bertato,001,2022-11-06_10h29.42.220,audio-text-input,2022.2.2,Win32,61.45526057,,,return,6.8595,,,,,,,,,,,,,,,,,,
Bertato,001,2022-11-06_10h29.42.220,audio-text-input,2022.2.2,Win32,61.45526057,,,,,return,24.4699,,,,,,,,,,,,,,,,
Bertato,001,2022-11-06_10h29.42.220,audio-text-input,2022.2.2,Win32,61.45526057,,,,,,,return,16.4281,,,,,,,,,,,,,,
Bertato,001,2022-11-06_10h29.42.220,audio-text-input,2022.2.2,Win32,61.45526057,,,,,,,,,5,0,0,0,5,1,estimulos/6.wav,,,,,,,
Bertato,001,2022-11-06_10h29.42.220,audio-text-input,2022.2.2,Win32,61.45526057,,,,,,,,,5,0,1,1,3,1,estimulos/4.wav,,,,,,,
Bertato,001,2022-11-06_10h29.42.220,audio-text-input,2022.2.2,Win32,61.45526057,,,,,,,,,2,0,2,2,2,1,estimulos/3.wav,,,,,,,
Bertato,001,2022-11-06_10h29.42.220,audio-text-input,2022.2.2,Win32,61.45526057,,,,,,,,,2,0,3,3,4,1,estimulos/5.wav,,,,,,,
Bertato,001,2022-11-06_10h29.42.220,audio-text-input,2022.2.2,Win32,61.45526057,,,,,,,,,1,0,4,4,0,1,estimulos/1.wav,,,,,,,
Bertato,001,2022-11-06_10h29.42.220,audio-text-input,2022.2.2,Win32,61.45526057,,,,,,,,,1,0,5,5,1,1,estimulos/2.wav,,,,,,,
Bertato,001,2022-11-06_10h29.42.220,audio-text-input,2022.2.2,Win32,61.45526057,,,,,,,,,,,,,,,,return,4.0223,,,,,
Bertato,001,2022-11-06_10h29.42.220,audio-text-input,2022.2.2,Win32,61.45526057,,,,,,,,,2,,,,,,estimulos/3.wav,,,0,0,0,2,1
Bertato,001,2022-11-06_10h29.42.220,audio-text-input,2022.2.2,Win32,61.45526057,,,,,,,,,2,,,,,,estimulos/2.wav,,,0,1,1,1,1
Bertato,001,2022-11-06_10h29.42.220,audio-text-input,2022.2.2,Win32,61.45526057,,,,,,,,,5,,,,,,estimulos/6.wav,,,0,2,2,5,1
Bertato,001,2022-11-06_10h29.42.220,audio-text-input,2022.2.2,Win32,61.45526057,,,,,,,,,5,,,,,,estimulos/5.wav,,,0,3,3,4,1
Bertato,001,2022-11-06_10h29.42.220,audio-text-input,2022.2.2,Win32,61.45526057,,,,,,,,,4,,,,,,estimulos/4.wav,,,0,4,4,3,1
Bertato,001,2022-11-06_10h29.42.220,audio-text-input,2022.2.2,Win32,61.45526057,,,,,,,,,1,,,,,,estimulos/1.wav,,,0,5,5,0,1
Bertato,001,2022-11-06_10h29.42.220,audio-text-input,2022.2.2,Win32,61.45526057,,,,,,,,,5,,,,,,estimulos/6.wav,,,1,0,6,5,1
Bertato,001,2022-11-06_10h29.42.220,audio-text-input,2022.2.2,Win32,61.45526057,,,,,,,,,5,,,,,,estimulos/4.wav,,,1,1,7,3,1
Bertato,001,2022-11-06_10h29.42.220,audio-text-input,2022.2.2,Win32,61.45526057,,,,,,,,,2,,,,,,estimulos/1.wav,,,1,2,8,0,1
Bertato,001,2022-11-06_10h29.42.220,audio-text-input,2022.2.2,Win32,61.45526057,,,,,,,,,5,,,,,,estimulos/3.wav,,,1,3,9,2,1
Bertato,001,2022-11-06_10h29.42.220,audio-text-input,2022.2.2,Win32,61.45526057,,,,,,,,,3,,,,,,estimulos/2.wav,,,1,4,10,1,1
Bertato,001,2022-11-06_10h29.42.220,audio-text-input,2022.2.2,Win32,61.45526057,,,,,,,,,5,,,,,,estimulos/5.wav,,,1,5,11,4,1
Bertato,001,2022-11-06_10h29.42.220,audio-text-input,2022.2.2,Win32,61.45526057,,,,,,,,,1,,,,,,estimulos/1.wav,,,2,0,12,0,1
Bertato,001,2022-11-06_10h29.42.220,audio-text-input,2022.2.2,Win32,61.45526057,,,,,,,,,6,,,,,,estimulos/4.wav,,,2,1,13,3,1
Bertato,001,2022-11-06_10h29.42.220,audio-text-input,2022.2.2,Win32,61.45526057,,,,,,,,,2,,,,,,estimulos/2.wav,,,2,2,14,1,1
Bertato,001,2022-11-06_10h29.42.220,audio-text-input,2022.2.2,Win32,61.45526057,,,,,,,,,3,,,,,,estimulos/3.wav,,,2,3,15,2,1
Bertato,001,2022-11-06_10h29.42.220,audio-text-input,2022.2.2,Win32,61.45526057,,,,,,,,,5,,,,,,estimulos/5.wav,,,2,4,16,4,1
Bertato,001,2022-11-06_10h29.42.220,audio-text-input,2022.2.2,Win32,61.45526057,,,,,,,,,5,,,,,,estimulos/6.wav,,,2,5,17,5,1
Bertato,001,2022-11-06_10h29.42.220,audio-text-input,2022.2.2,Win32,61.45526057,,,,,,,,,1,,,,,,estimulos/1.wav,,,3,0,18,0,1
Bertato,001,2022-11-06_10h29.42.220,audio-text-input,2022.2.2,Win32,61.45526057,,,,,,,,,5,,,,,,estimulos/5.wav,,,3,1,19,4,1
Bertato,001,2022-11-06_10h29.42.220,audio-text-input,2022.2.2,Win32,61.45526057,,,,,,,,,3,,,,,,estimulos/2.wav,,,3,2,20,1,1
Bertato,001,2022-11-06_10h29.42.220,audio-text-input,2022.2.2,Win32,61.45526057,,,,,,,,,4,,,,,,estimulos/4.wav,,,3,3,21,3,1
Bertato,001,2022-11-06_10h29.42.220,audio-text-input,2022.2.2,Win32,61.45526057,,,,,,,,,5,,,,,,estimulos/6.wav,,,3,4,22,5,1
Bertato,001,2022-11-06_10h29.42.220,audio-text-input,2022.2.2,Win32,61.45526057,,,,,,,,,3,,,,,,estimulos/3.wav,,,3,5,23,2,1
Bertato,001,2022-11-06_10h29.42.220,audio-text-input,2022.2.2,Win32,61.45526057,,,,,,,,,2,,,,,,estimulos/2.wav,,,4,0,24,1,1
Bertato,001,2022-11-06_10h29.42.220,audio-text-input,2022.2.2,Win32,61.45526057,,,,,,,,,1,,,,,,estimulos/1.wav,,,4,1,25,0,1
Bertato,001,2022-11-06_10h29.42.220,audio-text-input,2022.2.2,Win32,61.45526057,,,,,,,,,5,,,,,,estimulos/6.wav,,,4,2,26,5,1
Bertato,001,2022-11-06_10h29.42.220,audio-text-input,2022.2.2,Win32,61.45526057,,,,,,,,,4,,,,,,estimulos/3.wav,,,4,3,27,2,1
Bertato,001,2022-11-06_10h29.42.220,audio-text-input,2022.2.2,Win32,61.45526057,,,,,,,,,4,,,,,,estimulos/5.wav,,,4,4,28,4,1
Bertato,001,2022-11-06_10h29.42.220,audio-text-input,2022.2.2,Win32,61.45526057,,,,,,,,,3,,,,,,estimulos/4.wav,,,4,5,29,3,1
Bertato,001,2022-11-06_10h29.42.220,audio-text-input,2022.2.2,Win32,61.45526057,,,,,,,,,,,,,,,,,,,,,,
