﻿participant,session,date,expName,psychopyVersion,OS,frameRate,key_resp.keys,key_resp.rt,key_resp_4.keys,key_resp_4.rt,key_resp_5.keys,key_resp_5.rt,key_resp_2.keys,key_resp_2.rt,typedWord,trials_2.thisRepN,trials_2.thisTrialN,trials_2.thisN,trials_2.thisIndex,trials_2.ran,soundEstimulus,key_resp_3.keys,key_resp_3.rt,trials.thisRepN,trials.thisTrialN,trials.thisN,trials.thisIndex,trials.ran
Cerviño,001,03-07-2023_18h06.20.338,audio-text-input,2022.2.2,Win32,59.95203837,,,,,,,,,,,,,,,,,,,,,,
Cerviño,001,03-07-2023_18h06.20.338,audio-text-input,2022.2.2,Win32,59.95203837,return,29.5706,,,,,,,,,,,,,,,,,,,,
Cerviño,001,03-07-2023_18h06.20.338,audio-text-input,2022.2.2,Win32,59.95203837,,,return,6.5734,,,,,,,,,,,,,,,,,,
Cerviño,001,03-07-2023_18h06.20.338,audio-text-input,2022.2.2,Win32,59.95203837,,,,,return,6.7187,,,,,,,,,,,,,,,,
Cerviño,001,03-07-2023_18h06.20.338,audio-text-input,2022.2.2,Win32,59.95203837,,,,,,,return,10.9311,,,,,,,,,,,,,,
Cerviño,001,03-07-2023_18h06.20.338,audio-text-input,2022.2.2,Win32,59.95203837,,,,,,,,,2,0,0,0,5,1,estimulos/6.wav,,,,,,,
Cerviño,001,03-07-2023_18h06.20.338,audio-text-input,2022.2.2,Win32,59.95203837,,,,,,,,,1,0,1,1,0,1,estimulos/1.wav,,,,,,,
Cerviño,001,03-07-2023_18h06.20.338,audio-text-input,2022.2.2,Win32,59.95203837,,,,,,,,,2,0,2,2,4,1,estimulos/5.wav,,,,,,,
Cerviño,001,03-07-2023_18h06.20.338,audio-text-input,2022.2.2,Win32,59.95203837,,,,,,,,,3,0,3,3,3,1,estimulos/4.wav,,,,,,,
Cerviño,001,03-07-2023_18h06.20.338,audio-text-input,2022.2.2,Win32,59.95203837,,,,,,,,,1,0,4,4,1,1,estimulos/2.wav,,,,,,,
Cerviño,001,03-07-2023_18h06.20.338,audio-text-input,2022.2.2,Win32,59.95203837,,,,,,,,,2,0,5,5,2,1,estimulos/3.wav,,,,,,,
Cerviño,001,03-07-2023_18h06.20.338,audio-text-input,2022.2.2,Win32,59.95203837,,,,,,,,,,,,,,,,return,1.923,,,,,
Cerviño,001,03-07-2023_18h06.20.338,audio-text-input,2022.2.2,Win32,59.95203837,,,,,,,,,2,,,,,,estimulos/6.wav,,,0,0,0,5,1
Cerviño,001,03-07-2023_18h06.20.338,audio-text-input,2022.2.2,Win32,59.95203837,,,,,,,,,2,,,,,,estimulos/5.wav,,,0,1,1,4,1
Cerviño,001,03-07-2023_18h06.20.338,audio-text-input,2022.2.2,Win32,59.95203837,,,,,,,,,1,,,,,,estimulos/2.wav,,,0,2,2,1,1
Cerviño,001,03-07-2023_18h06.20.338,audio-text-input,2022.2.2,Win32,59.95203837,,,,,,,,,2,,,,,,estimulos/3.wav,,,0,3,3,2,1
Cerviño,001,03-07-2023_18h06.20.338,audio-text-input,2022.2.2,Win32,59.95203837,,,,,,,,,1,,,,,,estimulos/1.wav,,,0,4,4,0,1
Cerviño,001,03-07-2023_18h06.20.338,audio-text-input,2022.2.2,Win32,59.95203837,,,,,,,,,3,,,,,,estimulos/4.wav,,,0,5,5,3,1
Cerviño,001,03-07-2023_18h06.20.338,audio-text-input,2022.2.2,Win32,59.95203837,,,,,,,,,2,,,,,,estimulos/6.wav,,,1,0,6,5,1
Cerviño,001,03-07-2023_18h06.20.338,audio-text-input,2022.2.2,Win32,59.95203837,,,,,,,,,1,,,,,,estimulos/2.wav,,,1,1,7,1,1
Cerviño,001,03-07-2023_18h06.20.338,audio-text-input,2022.2.2,Win32,59.95203837,,,,,,,,,2,,,,,,estimulos/5.wav,,,1,2,8,4,1
Cerviño,001,03-07-2023_18h06.20.338,audio-text-input,2022.2.2,Win32,59.95203837,,,,,,,,,2,,,,,,estimulos/4.wav,,,1,3,9,3,1
Cerviño,001,03-07-2023_18h06.20.338,audio-text-input,2022.2.2,Win32,59.95203837,,,,,,,,,1,,,,,,estimulos/3.wav,,,1,4,10,2,1
Cerviño,001,03-07-2023_18h06.20.338,audio-text-input,2022.2.2,Win32,59.95203837,,,,,,,,,1,,,,,,estimulos/1.wav,,,1,5,11,0,1
Cerviño,001,03-07-2023_18h06.20.338,audio-text-input,2022.2.2,Win32,59.95203837,,,,,,,,,2,,,,,,estimulos/3.wav,,,2,0,12,2,1
Cerviño,001,03-07-2023_18h06.20.338,audio-text-input,2022.2.2,Win32,59.95203837,,,,,,,,,1,,,,,,estimulos/1.wav,,,2,1,13,0,1
Cerviño,001,03-07-2023_18h06.20.338,audio-text-input,2022.2.2,Win32,59.95203837,,,,,,,,,2,,,,,,estimulos/4.wav,,,2,2,14,3,1
Cerviño,001,03-07-2023_18h06.20.338,audio-text-input,2022.2.2,Win32,59.95203837,,,,,,,,,1,,,,,,estimulos/2.wav,,,2,3,15,1,1
Cerviño,001,03-07-2023_18h06.20.338,audio-text-input,2022.2.2,Win32,59.95203837,,,,,,,,,3,,,,,,estimulos/5.wav,,,2,4,16,4,1
Cerviño,001,03-07-2023_18h06.20.338,audio-text-input,2022.2.2,Win32,59.95203837,,,,,,,,,3,,,,,,estimulos/6.wav,,,2,5,17,5,1
Cerviño,001,03-07-2023_18h06.20.338,audio-text-input,2022.2.2,Win32,59.95203837,,,,,,,,,1,,,,,,estimulos/1.wav,,,3,0,18,0,1
Cerviño,001,03-07-2023_18h06.20.338,audio-text-input,2022.2.2,Win32,59.95203837,,,,,,,,,2,,,,,,estimulos/2.wav,,,3,1,19,1,1
Cerviño,001,03-07-2023_18h06.20.338,audio-text-input,2022.2.2,Win32,59.95203837,,,,,,,,,2,,,,,,estimulos/4.wav,,,3,2,20,3,1
Cerviño,001,03-07-2023_18h06.20.338,audio-text-input,2022.2.2,Win32,59.95203837,,,,,,,,,3,,,,,,estimulos/3.wav,,,3,3,21,2,1
Cerviño,001,03-07-2023_18h06.20.338,audio-text-input,2022.2.2,Win32,59.95203837,,,,,,,,,2,,,,,,estimulos/5.wav,,,3,4,22,4,1
Cerviño,001,03-07-2023_18h06.20.338,audio-text-input,2022.2.2,Win32,59.95203837,,,,,,,,,2,,,,,,estimulos/6.wav,,,3,5,23,5,1
Cerviño,001,03-07-2023_18h06.20.338,audio-text-input,2022.2.2,Win32,59.95203837,,,,,,,,,1,,,,,,estimulos/3.wav,,,4,0,24,2,1
Cerviño,001,03-07-2023_18h06.20.338,audio-text-input,2022.2.2,Win32,59.95203837,,,,,,,,,1,,,,,,estimulos/4.wav,,,4,1,25,3,1
Cerviño,001,03-07-2023_18h06.20.338,audio-text-input,2022.2.2,Win32,59.95203837,,,,,,,,,1,,,,,,estimulos/5.wav,,,4,2,26,4,1
Cerviño,001,03-07-2023_18h06.20.338,audio-text-input,2022.2.2,Win32,59.95203837,,,,,,,,,2,,,,,,estimulos/6.wav,,,4,3,27,5,1
Cerviño,001,03-07-2023_18h06.20.338,audio-text-input,2022.2.2,Win32,59.95203837,,,,,,,,,1,,,,,,estimulos/1.wav,,,4,4,28,0,1
Cerviño,001,03-07-2023_18h06.20.338,audio-text-input,2022.2.2,Win32,59.95203837,,,,,,,,,2,,,,,,estimulos/2.wav,,,4,5,29,1,1
Cerviño,001,03-07-2023_18h06.20.338,audio-text-input,2022.2.2,Win32,59.95203837,,,,,,,,,,,,,,,,,,,,,,
