﻿participant,session,date,expName,psychopyVersion,OS,frameRate,key_resp.keys,key_resp.rt,key_resp_4.keys,key_resp_4.rt,key_resp_5.keys,key_resp_5.rt,key_resp_2.keys,key_resp_2.rt,typedWord,trials_2.thisRepN,trials_2.thisTrialN,trials_2.thisN,trials_2.thisIndex,trials_2.ran,soundEstimulus,key_resp_3.keys,key_resp_3.rt,trials.thisRepN,trials.thisTrialN,trials.thisN,trials.thisIndex,trials.ran
Nora Ferrari,001,2022-10-31_19h35.46.522,audio-text-input,2022.2.2,Win32,59.77286312,,,,,,,,,,,,,,,,,,,,,,
Nora Ferrari,001,2022-10-31_19h35.46.522,audio-text-input,2022.2.2,Win32,59.77286312,return,48.1368,,,,,,,,,,,,,,,,,,,,
Nora Ferrari,001,2022-10-31_19h35.46.522,audio-text-input,2022.2.2,Win32,59.77286312,,,return,51.1257,,,,,,,,,,,,,,,,,,
Nora Ferrari,001,2022-10-31_19h35.46.522,audio-text-input,2022.2.2,Win32,59.77286312,,,,,return,9.2708,,,,,,,,,,,,,,,,
Nora Ferrari,001,2022-10-31_19h35.46.522,audio-text-input,2022.2.2,Win32,59.77286312,,,,,,,return,15.7712,,,,,,,,,,,,,,
Nora Ferrari,001,2022-10-31_19h35.46.522,audio-text-input,2022.2.2,Win32,59.77286312,,,,,,,,,1,0,0,0,5,1,estimulos/6.wav,,,,,,,
Nora Ferrari,001,2022-10-31_19h35.46.522,audio-text-input,2022.2.2,Win32,59.77286312,,,,,,,,,1,0,1,1,4,1,estimulos/5.wav,,,,,,,
Nora Ferrari,001,2022-10-31_19h35.46.522,audio-text-input,2022.2.2,Win32,59.77286312,,,,,,,,,1,0,2,2,2,1,estimulos/3.wav,,,,,,,
Nora Ferrari,001,2022-10-31_19h35.46.522,audio-text-input,2022.2.2,Win32,59.77286312,,,,,,,,,0.5,0,3,3,0,1,estimulos/1.wav,,,,,,,
Nora Ferrari,001,2022-10-31_19h35.46.522,audio-text-input,2022.2.2,Win32,59.77286312,,,,,,,,,0.5,0,4,4,1,1,estimulos/2.wav,,,,,,,
Nora Ferrari,001,2022-10-31_19h35.46.522,audio-text-input,2022.2.2,Win32,59.77286312,,,,,,,,,0.5,0,5,5,3,1,estimulos/4.wav,,,,,,,
Nora Ferrari,001,2022-10-31_19h35.46.522,audio-text-input,2022.2.2,Win32,59.77286312,,,,,,,,,,,,,,,,return,7.7848,,,,,
Nora Ferrari,001,2022-10-31_19h35.46.522,audio-text-input,2022.2.2,Win32,59.77286312,,,,,,,,,0.3,,,,,,estimulos/1.wav,,,0,0,0,0,1
Nora Ferrari,001,2022-10-31_19h35.46.522,audio-text-input,2022.2.2,Win32,59.77286312,,,,,,,,,1,,,,,,estimulos/4.wav,,,0,1,1,3,1
Nora Ferrari,001,2022-10-31_19h35.46.522,audio-text-input,2022.2.2,Win32,59.77286312,,,,,,,,,1.5,,,,,,estimulos/5.wav,,,0,2,2,4,1
Nora Ferrari,001,2022-10-31_19h35.46.522,audio-text-input,2022.2.2,Win32,59.77286312,,,,,,,,,1,,,,,,estimulos/2.wav,,,0,3,3,1,1
Nora Ferrari,001,2022-10-31_19h35.46.522,audio-text-input,2022.2.2,Win32,59.77286312,,,,,,,,,1,,,,,,estimulos/3.wav,,,0,4,4,2,1
Nora Ferrari,001,2022-10-31_19h35.46.522,audio-text-input,2022.2.2,Win32,59.77286312,,,,,,,,,1.5,,,,,,estimulos/6.wav,,,0,5,5,5,1
Nora Ferrari,001,2022-10-31_19h35.46.522,audio-text-input,2022.2.2,Win32,59.77286312,,,,,,,,,1.5,,,,,,estimulos/5.wav,,,1,0,6,4,1
Nora Ferrari,001,2022-10-31_19h35.46.522,audio-text-input,2022.2.2,Win32,59.77286312,,,,,,,,,1.5,,,,,,estimulos/3.wav,,,1,1,7,2,1
Nora Ferrari,001,2022-10-31_19h35.46.522,audio-text-input,2022.2.2,Win32,59.77286312,,,,,,,,,2,,,,,,estimulos/6.wav,,,1,2,8,5,1
Nora Ferrari,001,2022-10-31_19h35.46.522,audio-text-input,2022.2.2,Win32,59.77286312,,,,,,,,,2,,,,,,estimulos/4.wav,,,1,3,9,3,1
Nora Ferrari,001,2022-10-31_19h35.46.522,audio-text-input,2022.2.2,Win32,59.77286312,,,,,,,,,1.5,,,,,,estimulos/1.wav,,,1,4,10,0,1
Nora Ferrari,001,2022-10-31_19h35.46.522,audio-text-input,2022.2.2,Win32,59.77286312,,,,,,,,,2,,,,,,estimulos/2.wav,,,1,5,11,1,1
Nora Ferrari,001,2022-10-31_19h35.46.522,audio-text-input,2022.2.2,Win32,59.77286312,,,,,,,,,1.5,,,,,,estimulos/1.wav,,,2,0,12,0,1
Nora Ferrari,001,2022-10-31_19h35.46.522,audio-text-input,2022.2.2,Win32,59.77286312,,,,,,,,,2,,,,,,estimulos/3.wav,,,2,1,13,2,1
Nora Ferrari,001,2022-10-31_19h35.46.522,audio-text-input,2022.2.2,Win32,59.77286312,,,,,,,,,2,,,,,,estimulos/2.wav,,,2,2,14,1,1
Nora Ferrari,001,2022-10-31_19h35.46.522,audio-text-input,2022.2.2,Win32,59.77286312,,,,,,,,,2.5,,,,,,estimulos/4.wav,,,2,3,15,3,1
Nora Ferrari,001,2022-10-31_19h35.46.522,audio-text-input,2022.2.2,Win32,59.77286312,,,,,,,,,2.5,,,,,,estimulos/5.wav,,,2,4,16,4,1
Nora Ferrari,001,2022-10-31_19h35.46.522,audio-text-input,2022.2.2,Win32,59.77286312,,,,,,,,,2.5,,,,,,estimulos/6.wav,,,2,5,17,5,1
Nora Ferrari,001,2022-10-31_19h35.46.522,audio-text-input,2022.2.2,Win32,59.77286312,,,,,,,,,1.5,,,,,,estimulos/2.wav,,,3,0,18,1,1
Nora Ferrari,001,2022-10-31_19h35.46.522,audio-text-input,2022.2.2,Win32,59.77286312,,,,,,,,,1.5,,,,,,estimulos/4.wav,,,3,1,19,3,1
Nora Ferrari,001,2022-10-31_19h35.46.522,audio-text-input,2022.2.2,Win32,59.77286312,,,,,,,,,1.5,,,,,,estimulos/5.wav,,,3,2,20,4,1
Nora Ferrari,001,2022-10-31_19h35.46.522,audio-text-input,2022.2.2,Win32,59.77286312,,,,,,,,,1.5,,,,,,estimulos/3.wav,,,3,3,21,2,1
Nora Ferrari,001,2022-10-31_19h35.46.522,audio-text-input,2022.2.2,Win32,59.77286312,,,,,,,,,1,,,,,,estimulos/1.wav,,,3,4,22,0,1
Nora Ferrari,001,2022-10-31_19h35.46.522,audio-text-input,2022.2.2,Win32,59.77286312,,,,,,,,,2,,,,,,estimulos/6.wav,,,3,5,23,5,1
Nora Ferrari,001,2022-10-31_19h35.46.522,audio-text-input,2022.2.2,Win32,59.77286312,,,,,,,,,1,,,,,,estimulos/1.wav,,,4,0,24,0,1
Nora Ferrari,001,2022-10-31_19h35.46.522,audio-text-input,2022.2.2,Win32,59.77286312,,,,,,,,,2.5,,,,,,estimulos/6.wav,,,4,1,25,5,1
Nora Ferrari,001,2022-10-31_19h35.46.522,audio-text-input,2022.2.2,Win32,59.77286312,,,,,,,,,2,,,,,,estimulos/2.wav,,,4,2,26,1,1
Nora Ferrari,001,2022-10-31_19h35.46.522,audio-text-input,2022.2.2,Win32,59.77286312,,,,,,,,,2.5,,,,,,estimulos/4.wav,,,4,3,27,3,1
Nora Ferrari,001,2022-10-31_19h35.46.522,audio-text-input,2022.2.2,Win32,59.77286312,,,,,,,,,2.5,,,,,,estimulos/5.wav,,,4,4,28,4,1
Nora Ferrari,001,2022-10-31_19h35.46.522,audio-text-input,2022.2.2,Win32,59.77286312,,,,,,,,,2,,,,,,estimulos/3.wav,,,4,5,29,2,1
Nora Ferrari,001,2022-10-31_19h35.46.522,audio-text-input,2022.2.2,Win32,59.77286312,,,,,,,,,,,,,,,,,,,,,,
