﻿participant,session,date,expName,psychopyVersion,OS,frameRate,key_resp.keys,key_resp.rt,key_resp_4.keys,key_resp_4.rt,key_resp_5.keys,key_resp_5.rt,key_resp_2.keys,key_resp_2.rt,typedWord,trials_2.thisRepN,trials_2.thisTrialN,trials_2.thisN,trials_2.thisIndex,trials_2.ran,soundEstimulus,key_resp_3.keys,key_resp_3.rt,trials.thisRepN,trials.thisTrialN,trials.thisN,trials.thisIndex,trials.ran
spadaro,001,2022-11-08_23h10.19.711,audio-text-input,2022.2.2,Win32,60.04563468,,,,,,,,,,,,,,,,,,,,,,
spadaro,001,2022-11-08_23h10.19.711,audio-text-input,2022.2.2,Win32,60.04563468,return,10.6654,,,,,,,,,,,,,,,,,,,,
spadaro,001,2022-11-08_23h10.19.711,audio-text-input,2022.2.2,Win32,60.04563468,,,return,9.1975,,,,,,,,,,,,,,,,,,
spadaro,001,2022-11-08_23h10.19.711,audio-text-input,2022.2.2,Win32,60.04563468,,,,,return,2.2965,,,,,,,,,,,,,,,,
spadaro,001,2022-11-08_23h10.19.711,audio-text-input,2022.2.2,Win32,60.04563468,,,,,,,return,10.755,,,,,,,,,,,,,,
spadaro,001,2022-11-08_23h10.19.711,audio-text-input,2022.2.2,Win32,60.04563468,,,,,,,,,4,0,0,0,3,1,estimulos/4.wav,,,,,,,
spadaro,001,2022-11-08_23h10.19.711,audio-text-input,2022.2.2,Win32,60.04563468,,,,,,,,,2,0,1,1,1,1,estimulos/2.wav,,,,,,,
spadaro,001,2022-11-08_23h10.19.711,audio-text-input,2022.2.2,Win32,60.04563468,,,,,,,,,1,0,2,2,0,1,estimulos/1.wav,,,,,,,
spadaro,001,2022-11-08_23h10.19.711,audio-text-input,2022.2.2,Win32,60.04563468,,,,,,,,,8,0,3,3,2,1,estimulos/3.wav,,,,,,,
spadaro,001,2022-11-08_23h10.19.711,audio-text-input,2022.2.2,Win32,60.04563468,,,,,,,,,10,0,4,4,4,1,estimulos/5.wav,,,,,,,
spadaro,001,2022-11-08_23h10.19.711,audio-text-input,2022.2.2,Win32,60.04563468,,,,,,,,,9,0,5,5,5,1,estimulos/6.wav,,,,,,,
spadaro,001,2022-11-08_23h10.19.711,audio-text-input,2022.2.2,Win32,60.04563468,,,,,,,,,,,,,,,,return,10.1945,,,,,
spadaro,001,2022-11-08_23h10.19.711,audio-text-input,2022.2.2,Win32,60.04563468,,,,,,,,,3,,,,,,estimulos/3.wav,,,0,0,0,2,1
spadaro,001,2022-11-08_23h10.19.711,audio-text-input,2022.2.2,Win32,60.04563468,,,,,,,,,2,,,,,,estimulos/6.wav,,,0,1,1,5,1
spadaro,001,2022-11-08_23h10.19.711,audio-text-input,2022.2.2,Win32,60.04563468,,,,,,,,,1,,,,,,estimulos/5.wav,,,0,2,2,4,1
spadaro,001,2022-11-08_23h10.19.711,audio-text-input,2022.2.2,Win32,60.04563468,,,,,,,,,0,,,,,,estimulos/4.wav,,,0,3,3,3,1
spadaro,001,2022-11-08_23h10.19.711,audio-text-input,2022.2.2,Win32,60.04563468,,,,,,,,,0,,,,,,estimulos/1.wav,,,0,4,4,0,1
spadaro,001,2022-11-08_23h10.19.711,audio-text-input,2022.2.2,Win32,60.04563468,,,,,,,,,3,,,,,,estimulos/2.wav,,,0,5,5,1,1
spadaro,001,2022-11-08_23h10.19.711,audio-text-input,2022.2.2,Win32,60.04563468,,,,,,,,,5,,,,,,estimulos/4.wav,,,1,0,6,3,1
spadaro,001,2022-11-08_23h10.19.711,audio-text-input,2022.2.2,Win32,60.04563468,,,,,,,,,3,,,,,,estimulos/2.wav,,,1,1,7,1,1
spadaro,001,2022-11-08_23h10.19.711,audio-text-input,2022.2.2,Win32,60.04563468,,,,,,,,,6,,,,,,estimulos/6.wav,,,1,2,8,5,1
spadaro,001,2022-11-08_23h10.19.711,audio-text-input,2022.2.2,Win32,60.04563468,,,,,,,,,5,,,,,,estimulos/5.wav,,,1,3,9,4,1
spadaro,001,2022-11-08_23h10.19.711,audio-text-input,2022.2.2,Win32,60.04563468,,,,,,,,,1,,,,,,estimulos/1.wav,,,1,4,10,0,1
spadaro,001,2022-11-08_23h10.19.711,audio-text-input,2022.2.2,Win32,60.04563468,,,,,,,,,7,,,,,,estimulos/3.wav,,,1,5,11,2,1
spadaro,001,2022-11-08_23h10.19.711,audio-text-input,2022.2.2,Win32,60.04563468,,,,,,,,,9,,,,,,estimulos/4.wav,,,2,0,12,3,1
spadaro,001,2022-11-08_23h10.19.711,audio-text-input,2022.2.2,Win32,60.04563468,,,,,,,,,4,,,,,,estimulos/2.wav,,,2,1,13,1,1
spadaro,001,2022-11-08_23h10.19.711,audio-text-input,2022.2.2,Win32,60.04563468,,,,,,,,,6,,,,,,estimulos/5.wav,,,2,2,14,4,1
spadaro,001,2022-11-08_23h10.19.711,audio-text-input,2022.2.2,Win32,60.04563468,,,,,,,,,1,,,,,,estimulos/1.wav,,,2,3,15,0,1
spadaro,001,2022-11-08_23h10.19.711,audio-text-input,2022.2.2,Win32,60.04563468,,,,,,,,,33,,,,,,estimulos/3.wav,,,2,4,16,2,1
spadaro,001,2022-11-08_23h10.19.711,audio-text-input,2022.2.2,Win32,60.04563468,,,,,,,,,6,,,,,,estimulos/6.wav,,,2,5,17,5,1
spadaro,001,2022-11-08_23h10.19.711,audio-text-input,2022.2.2,Win32,60.04563468,,,,,,,,,3,,,,,,estimulos/4.wav,,,3,0,18,3,1
spadaro,001,2022-11-08_23h10.19.711,audio-text-input,2022.2.2,Win32,60.04563468,,,,,,,,,4,,,,,,estimulos/6.wav,,,3,1,19,5,1
spadaro,001,2022-11-08_23h10.19.711,audio-text-input,2022.2.2,Win32,60.04563468,,,,,,,,,2,,,,,,estimulos/5.wav,,,3,2,20,4,1
spadaro,001,2022-11-08_23h10.19.711,audio-text-input,2022.2.2,Win32,60.04563468,,,,,,,,,1,,,,,,estimulos/2.wav,,,3,3,21,1,1
spadaro,001,2022-11-08_23h10.19.711,audio-text-input,2022.2.2,Win32,60.04563468,,,,,,,,,3,,,,,,estimulos/3.wav,,,3,4,22,2,1
spadaro,001,2022-11-08_23h10.19.711,audio-text-input,2022.2.2,Win32,60.04563468,,,,,,,,,0,,,,,,estimulos/1.wav,,,3,5,23,0,1
spadaro,001,2022-11-08_23h10.19.711,audio-text-input,2022.2.2,Win32,60.04563468,,,,,,,,,5,,,,,,estimulos/3.wav,,,4,0,24,2,1
spadaro,001,2022-11-08_23h10.19.711,audio-text-input,2022.2.2,Win32,60.04563468,,,,,,,,,3,,,,,,estimulos/2.wav,,,4,1,25,1,1
spadaro,001,2022-11-08_23h10.19.711,audio-text-input,2022.2.2,Win32,60.04563468,,,,,,,,,1,,,,,,estimulos/1.wav,,,4,2,26,0,1
spadaro,001,2022-11-08_23h10.19.711,audio-text-input,2022.2.2,Win32,60.04563468,,,,,,,,,5,,,,,,estimulos/4.wav,,,4,3,27,3,1
spadaro,001,2022-11-08_23h10.19.711,audio-text-input,2022.2.2,Win32,60.04563468,,,,,,,,,9,,,,,,estimulos/6.wav,,,4,4,28,5,1
spadaro,001,2022-11-08_23h10.19.711,audio-text-input,2022.2.2,Win32,60.04563468,,,,,,,,,8,,,,,,estimulos/5.wav,,,4,5,29,4,1
spadaro,001,2022-11-08_23h10.19.711,audio-text-input,2022.2.2,Win32,60.04563468,,,,,,,,,,,,,,,,,,,,,,
